{
"meta":{"test_sets":[],"test_metrics":[],"learn_metrics":[{"best_value":"Min","name":"Logloss"}],"launch_mode":"Train","parameters":"","iteration_count":1000,"learn_sets":["learn"],"name":"experiment"},
"iterations":[
{"learn":[0.6816268989],"iteration":0,"passed_time":0.1442047355,"remaining_time":144.0605308},
{"learn":[0.671372915],"iteration":1,"passed_time":0.148217438,"remaining_time":73.96050154},
{"learn":[0.6589922808],"iteration":2,"passed_time":0.1505009857,"remaining_time":50.01649424},
{"learn":[0.6480453751],"iteration":3,"passed_time":0.153101638,"remaining_time":38.12230785},
{"learn":[0.6377425666],"iteration":4,"passed_time":0.1557055858,"remaining_time":30.98541158},
{"learn":[0.6273709989],"iteration":5,"passed_time":0.1584827911,"remaining_time":26.25531573},
{"learn":[0.6181313911],"iteration":6,"passed_time":0.1614734272,"remaining_time":22.90615903},
{"learn":[0.6084764073],"iteration":7,"passed_time":0.1637436786,"remaining_time":20.30421614},
{"learn":[0.5974728181],"iteration":8,"passed_time":0.165457134,"remaining_time":18.21866887},
{"learn":[0.5864035066],"iteration":9,"passed_time":0.1675104643,"remaining_time":16.58353597},
{"learn":[0.5764023883],"iteration":10,"passed_time":0.1708381152,"remaining_time":15.35989963},
{"learn":[0.5684361331],"iteration":11,"passed_time":0.1730245235,"remaining_time":14.24568577},
{"learn":[0.5595418449],"iteration":12,"passed_time":0.1754238827,"remaining_time":13.31872094},
{"learn":[0.5504236966],"iteration":13,"passed_time":0.1776435568,"remaining_time":12.51118193},
{"learn":[0.540693663],"iteration":14,"passed_time":0.1797883394,"remaining_time":11.80610095},
{"learn":[0.5318708168],"iteration":15,"passed_time":0.1820923726,"remaining_time":11.19868091},
{"learn":[0.5224965964],"iteration":16,"passed_time":0.1841619172,"remaining_time":10.64889204},
{"learn":[0.5136819733],"iteration":17,"passed_time":0.1861900423,"remaining_time":10.1577012},
{"learn":[0.5051455135],"iteration":18,"passed_time":0.1878247144,"remaining_time":9.697686572},
{"learn":[0.4977013402],"iteration":19,"passed_time":0.1898929173,"remaining_time":9.30475295},
{"learn":[0.4893692732],"iteration":20,"passed_time":0.1916978234,"remaining_time":8.936769956},
{"learn":[0.4818673554],"iteration":21,"passed_time":0.1937653875,"remaining_time":8.613752225},
{"learn":[0.474701362],"iteration":22,"passed_time":0.196371797,"remaining_time":8.341532421},
{"learn":[0.4667150503],"iteration":23,"passed_time":0.1985789645,"remaining_time":8.075544554},
{"learn":[0.4604846897],"iteration":24,"passed_time":0.2003573101,"remaining_time":7.813935094},
{"learn":[0.4537693881],"iteration":25,"passed_time":0.2022572926,"remaining_time":7.576869345},
{"learn":[0.4467716084],"iteration":26,"passed_time":0.203812372,"remaining_time":7.344793997},
{"learn":[0.4392413817],"iteration":27,"passed_time":0.2059562685,"remaining_time":7.149624748},
{"learn":[0.4321415152],"iteration":28,"passed_time":0.2077197507,"remaining_time":6.955030272},
{"learn":[0.4252236232],"iteration":29,"passed_time":0.2095536914,"remaining_time":6.775569355},
{"learn":[0.419554402],"iteration":30,"passed_time":0.2117802671,"remaining_time":6.619841252},
{"learn":[0.4137851077],"iteration":31,"passed_time":0.2142280019,"remaining_time":6.480397056},
{"learn":[0.4079207248],"iteration":32,"passed_time":0.2161454951,"remaining_time":6.333717993},
{"learn":[0.4018519544],"iteration":33,"passed_time":0.2182956075,"remaining_time":6.202163437},
{"learn":[0.3961972425],"iteration":34,"passed_time":0.2202470139,"remaining_time":6.072524811},
{"learn":[0.3911111878],"iteration":35,"passed_time":0.222185763,"remaining_time":5.949640988},
{"learn":[0.3851593651],"iteration":36,"passed_time":0.2246179447,"remaining_time":5.846137318},
{"learn":[0.3800894677],"iteration":37,"passed_time":0.2268643017,"remaining_time":5.743248901},
{"learn":[0.3739505947],"iteration":38,"passed_time":0.2294855431,"remaining_time":5.654759151},
{"learn":[0.3684934185],"iteration":39,"passed_time":0.231251613,"remaining_time":5.550038712},
{"learn":[0.3624236256],"iteration":40,"passed_time":0.2329982584,"remaining_time":5.449886092},
{"learn":[0.3577770994],"iteration":41,"passed_time":0.2350176642,"remaining_time":5.360641007},
{"learn":[0.3527000395],"iteration":42,"passed_time":0.2371242885,"remaining_time":5.277394049},
{"learn":[0.3477976007],"iteration":43,"passed_time":0.2388500936,"remaining_time":5.189561126},
{"learn":[0.3432615731],"iteration":44,"passed_time":0.2408209337,"remaining_time":5.11075537},
{"learn":[0.3386069771],"iteration":45,"passed_time":0.2428603016,"remaining_time":5.036711471},
{"learn":[0.3348807325],"iteration":46,"passed_time":0.244995671,"remaining_time":4.96767818},
{"learn":[0.3305986283],"iteration":47,"passed_time":0.2468483985,"remaining_time":4.89582657},
{"learn":[0.3261606077],"iteration":48,"passed_time":0.2489514852,"remaining_time":4.83169107},
{"learn":[0.3224450402],"iteration":49,"passed_time":0.2505976383,"remaining_time":4.761355127},
{"learn":[0.3190756323],"iteration":50,"passed_time":0.252848425,"remaining_time":4.704963831},
{"learn":[0.3145065424],"iteration":51,"passed_time":0.2546753723,"remaining_time":4.642927942},
{"learn":[0.3099471985],"iteration":52,"passed_time":0.2563469228,"remaining_time":4.58038747},
{"learn":[0.3061076673],"iteration":53,"passed_time":0.2581598464,"remaining_time":4.52257805},
{"learn":[0.3022594017],"iteration":54,"passed_time":0.2600559017,"remaining_time":4.46823322},
{"learn":[0.2985694556],"iteration":55,"passed_time":0.2620038161,"remaining_time":4.416635756},
{"learn":[0.2947599515],"iteration":56,"passed_time":0.2639920017,"remaining_time":4.367446625},
{"learn":[0.2911727344],"iteration":57,"passed_time":0.2659686857,"remaining_time":4.319698309},
{"learn":[0.2884181201],"iteration":58,"passed_time":0.2678713565,"remaining_time":4.272321127},
{"learn":[0.2849703329],"iteration":59,"passed_time":0.2698351741,"remaining_time":4.227417728},
{"learn":[0.2818988091],"iteration":60,"passed_time":0.2718233696,"remaining_time":4.184297443},
{"learn":[0.2779919653],"iteration":61,"passed_time":0.2734605369,"remaining_time":4.137193285},
{"learn":[0.2743765612],"iteration":62,"passed_time":0.2751788782,"remaining_time":4.092739824},
{"learn":[0.2717122418],"iteration":63,"passed_time":0.2771696559,"remaining_time":4.053606217},
{"learn":[0.2690115707],"iteration":64,"passed_time":0.2789985583,"remaining_time":4.013286954},
{"learn":[0.2654495516],"iteration":65,"passed_time":0.2807029313,"remaining_time":3.972371785},
{"learn":[0.2625948224],"iteration":66,"passed_time":0.2824689103,"remaining_time":3.933484975},
{"learn":[0.2597084757],"iteration":67,"passed_time":0.2848004336,"remaining_time":3.903441237},
{"learn":[0.2561944146],"iteration":68,"passed_time":0.2865531092,"remaining_time":3.866390502},
{"learn":[0.253221536],"iteration":69,"passed_time":0.2883366938,"remaining_time":3.830758932},
{"learn":[0.2504954868],"iteration":70,"passed_time":0.289920833,"remaining_time":3.793471181},
{"learn":[0.2475935771],"iteration":71,"passed_time":0.2918862646,"remaining_time":3.762089633},
{"learn":[0.2451816456],"iteration":72,"passed_time":0.2937221041,"remaining_time":3.729868364},
{"learn":[0.2423250344],"iteration":73,"passed_time":0.295402224,"remaining_time":3.696519723},
{"learn":[0.2395293307],"iteration":74,"passed_time":0.2973867923,"remaining_time":3.667770439},
{"learn":[0.2366071781],"iteration":75,"passed_time":0.2995377451,"remaining_time":3.641748375},
{"learn":[0.2339226311],"iteration":76,"passed_time":0.3019152328,"remaining_time":3.619061816},
{"learn":[0.2316027464],"iteration":77,"passed_time":0.3035173831,"remaining_time":3.587731118},
{"learn":[0.2284956948],"iteration":78,"passed_time":0.3051766034,"remaining_time":3.557818377},
{"learn":[0.2262638409],"iteration":79,"passed_time":0.3067772752,"remaining_time":3.527938665},
{"learn":[0.2239389869],"iteration":80,"passed_time":0.3088704925,"remaining_time":3.504345464},
{"learn":[0.2216532728],"iteration":81,"passed_time":0.3106114819,"remaining_time":3.477333419},
{"learn":[0.2190641725],"iteration":82,"passed_time":0.3123169777,"remaining_time":3.450538176},
{"learn":[0.2167055106],"iteration":83,"passed_time":0.3141275495,"remaining_time":3.425486134},
{"learn":[0.2144568306],"iteration":84,"passed_time":0.3161606663,"remaining_time":3.403376584},
{"learn":[0.2121288888],"iteration":85,"passed_time":0.3182602369,"remaining_time":3.382440192},
{"learn":[0.2100213152],"iteration":86,"passed_time":0.3198703211,"remaining_time":3.356800036},
{"learn":[0.2080892311],"iteration":87,"passed_time":0.3216669157,"remaining_time":3.333638944},
{"learn":[0.2060978917],"iteration":88,"passed_time":0.3234543474,"remaining_time":3.310864162},
{"learn":[0.2039683313],"iteration":89,"passed_time":0.3256361939,"remaining_time":3.292543738},
{"learn":[0.2013348904],"iteration":90,"passed_time":0.3277762375,"remaining_time":3.274160438},
{"learn":[0.1995745002],"iteration":91,"passed_time":0.3296821765,"remaining_time":3.253819742},
{"learn":[0.1983135954],"iteration":92,"passed_time":0.3315131484,"remaining_time":3.233144362},
{"learn":[0.1964554836],"iteration":93,"passed_time":0.3335614329,"remaining_time":3.214964449},
{"learn":[0.1948355721],"iteration":94,"passed_time":0.3353051476,"remaining_time":3.194222722},
{"learn":[0.1928281137],"iteration":95,"passed_time":0.3369933997,"remaining_time":3.173354514},
{"learn":[0.1908430068],"iteration":96,"passed_time":0.3389253897,"remaining_time":3.155150792},
{"learn":[0.1886758236],"iteration":97,"passed_time":0.3409791216,"remaining_time":3.138399671},
{"learn":[0.1868725606],"iteration":98,"passed_time":0.3433172311,"remaining_time":3.124533588},
{"learn":[0.1849827127],"iteration":99,"passed_time":0.3451120592,"remaining_time":3.106008533},
{"learn":[0.1832356981],"iteration":100,"passed_time":0.3468413124,"remaining_time":3.087231087},
{"learn":[0.1815204682],"iteration":101,"passed_time":0.3489121089,"remaining_time":3.071794841},
{"learn":[0.1797592877],"iteration":102,"passed_time":0.3507982341,"remaining_time":3.055009864},
{"learn":[0.1784019817],"iteration":103,"passed_time":0.3525570542,"remaining_time":3.037414621},
{"learn":[0.1767648912],"iteration":104,"passed_time":0.3543773449,"remaining_time":3.020644987},
{"learn":[0.1747773213],"iteration":105,"passed_time":0.356413427,"remaining_time":3.005977393},
{"learn":[0.1730937427],"iteration":106,"passed_time":0.3584863362,"remaining_time":2.991853255},
{"learn":[0.1714397269],"iteration":107,"passed_time":0.3603593121,"remaining_time":2.976300985},
{"learn":[0.1697536372],"iteration":108,"passed_time":0.3623087128,"remaining_time":2.961624432},
{"learn":[0.1680834199],"iteration":109,"passed_time":0.3639667716,"remaining_time":2.944822061},
{"learn":[0.1668007415],"iteration":110,"passed_time":0.3662967335,"remaining_time":2.933673839},
{"learn":[0.1652097057],"iteration":111,"passed_time":0.3679807259,"remaining_time":2.91756147},
{"learn":[0.1633771181],"iteration":112,"passed_time":0.3699964641,"remaining_time":2.904308528},
{"learn":[0.161897647],"iteration":113,"passed_time":0.3722899725,"remaining_time":2.893411541},
{"learn":[0.1603890995],"iteration":114,"passed_time":0.3746167949,"remaining_time":2.882920552},
{"learn":[0.1587610357],"iteration":115,"passed_time":0.3762539251,"remaining_time":2.867314395},
{"learn":[0.1573793375],"iteration":116,"passed_time":0.3781077286,"remaining_time":2.853582259},
{"learn":[0.1560073765],"iteration":117,"passed_time":0.3798626941,"remaining_time":2.83931268},
{"learn":[0.1545968834],"iteration":118,"passed_time":0.3821233178,"remaining_time":2.828997},
{"learn":[0.1531555857],"iteration":119,"passed_time":0.3839334309,"remaining_time":2.815511826},
{"learn":[0.1522912332],"iteration":120,"passed_time":0.3856785146,"remaining_time":2.801747226},
{"learn":[0.1508316838],"iteration":121,"passed_time":0.3882783988,"remaining_time":2.794331427},
{"learn":[0.1496767105],"iteration":122,"passed_time":0.3910157543,"remaining_time":2.787974118},
{"learn":[0.1488242468],"iteration":123,"passed_time":0.3932193568,"remaining_time":2.777904488},
{"learn":[0.1474050477],"iteration":124,"passed_time":0.3950598619,"remaining_time":2.765419034},
{"learn":[0.146148971],"iteration":125,"passed_time":0.3972578003,"remaining_time":2.755581885},
{"learn":[0.1449341964],"iteration":126,"passed_time":0.3994599425,"remaining_time":2.745893935},
{"learn":[0.1441025654],"iteration":127,"passed_time":0.4014576181,"remaining_time":2.734930024},
{"learn":[0.143043869],"iteration":128,"passed_time":0.4033411752,"remaining_time":2.723334601},
{"learn":[0.1422373091],"iteration":129,"passed_time":0.4056466355,"remaining_time":2.714712099},
{"learn":[0.1410689338],"iteration":130,"passed_time":0.4079227771,"remaining_time":2.705991552},
{"learn":[0.1399532878],"iteration":131,"passed_time":0.4099665588,"remaining_time":2.695840705},
{"learn":[0.1388229744],"iteration":132,"passed_time":0.4118617091,"remaining_time":2.684842871},
{"learn":[0.1376632506],"iteration":133,"passed_time":0.4140872307,"remaining_time":2.676115984},
{"learn":[0.1367379775],"iteration":134,"passed_time":0.4164116026,"remaining_time":2.668118787},
{"learn":[0.1356133271],"iteration":135,"passed_time":0.418369847,"remaining_time":2.657879028},
{"learn":[0.1346907417],"iteration":136,"passed_time":0.42021501,"remaining_time":2.647047837},
{"learn":[0.1336366542],"iteration":137,"passed_time":0.4226096488,"remaining_time":2.639779111},
{"learn":[0.1327162386],"iteration":138,"passed_time":0.4248006651,"remaining_time":2.631319228},
{"learn":[0.1315199273],"iteration":139,"passed_time":0.4266738784,"remaining_time":2.620996682},
{"learn":[0.1304802853],"iteration":140,"passed_time":0.4285808025,"remaining_time":2.610999357},
{"learn":[0.1297989673],"iteration":141,"passed_time":0.4307511688,"remaining_time":2.602707767},
{"learn":[0.1285947192],"iteration":142,"passed_time":0.4326659633,"remaining_time":2.592970144},
{"learn":[0.1276054748],"iteration":143,"passed_time":0.4345478655,"remaining_time":2.583145645},
{"learn":[0.1265784933],"iteration":144,"passed_time":0.4365609265,"remaining_time":2.574204084},
{"learn":[0.1255898936],"iteration":145,"passed_time":0.4388793,"remaining_time":2.567143303},
{"learn":[0.1246043258],"iteration":146,"passed_time":0.4405843112,"remaining_time":2.556587874},
{"learn":[0.1239871454],"iteration":147,"passed_time":0.4427095978,"remaining_time":2.548571468},
{"learn":[0.1231015983],"iteration":148,"passed_time":0.4443689817,"remaining_time":2.537973177},
{"learn":[0.1222808215],"iteration":149,"passed_time":0.4470261268,"remaining_time":2.533148052},
{"learn":[0.1212728535],"iteration":150,"passed_time":0.4488863862,"remaining_time":2.523871138},
{"learn":[0.1204127635],"iteration":151,"passed_time":0.4507490554,"remaining_time":2.514705256},
{"learn":[0.1195215961],"iteration":152,"passed_time":0.4526005623,"remaining_time":2.505573048},
{"learn":[0.1186957606],"iteration":153,"passed_time":0.4547503535,"remaining_time":2.49817402},
{"learn":[0.1182692989],"iteration":154,"passed_time":0.4567741006,"remaining_time":2.49015558},
{"learn":[0.1175700635],"iteration":155,"passed_time":0.4587502822,"remaining_time":2.481956655},
{"learn":[0.1166622154],"iteration":156,"passed_time":0.4614500111,"remaining_time":2.477722034},
{"learn":[0.1158299353],"iteration":157,"passed_time":0.4636958508,"remaining_time":2.471088015},
{"learn":[0.1149386703],"iteration":158,"passed_time":0.4660269444,"remaining_time":2.464960127},
{"learn":[0.1140188366],"iteration":159,"passed_time":0.4682004981,"remaining_time":2.458052615},
{"learn":[0.1131688491],"iteration":160,"passed_time":0.4707708814,"remaining_time":2.45327186},
{"learn":[0.1122491097],"iteration":161,"passed_time":0.4727268694,"remaining_time":2.445340226},
{"learn":[0.1113970666],"iteration":162,"passed_time":0.4747718114,"remaining_time":2.437938688},
{"learn":[0.1106033059],"iteration":163,"passed_time":0.4768559299,"remaining_time":2.430802179},
{"learn":[0.1101037885],"iteration":164,"passed_time":0.4793387381,"remaining_time":2.425744523},
{"learn":[0.1092807576],"iteration":165,"passed_time":0.4813365141,"remaining_time":2.418281041},
{"learn":[0.1085644896],"iteration":166,"passed_time":0.4835745573,"remaining_time":2.412081475},
{"learn":[0.1078839731],"iteration":167,"passed_time":0.4861598566,"remaining_time":2.407648813},
{"learn":[0.1071327501],"iteration":168,"passed_time":0.4881731726,"remaining_time":2.400425482},
{"learn":[0.1063788954],"iteration":169,"passed_time":0.4904068225,"remaining_time":2.394339192},
{"learn":[0.1057749609],"iteration":170,"passed_time":0.4924246025,"remaining_time":2.387251436},
{"learn":[0.1050733411],"iteration":171,"passed_time":0.4950978151,"remaining_time":2.383377854},
{"learn":[0.1044047247],"iteration":172,"passed_time":0.4970318123,"remaining_time":2.375984444},
{"learn":[0.1038999984],"iteration":173,"passed_time":0.4992735788,"remaining_time":2.370114805},
{"learn":[0.1032772384],"iteration":174,"passed_time":0.5013289662,"remaining_time":2.363407984},
{"learn":[0.102838438],"iteration":175,"passed_time":0.5036483502,"remaining_time":2.357990003},
{"learn":[0.1022817396],"iteration":176,"passed_time":0.5054877182,"remaining_time":2.350375097},
{"learn":[0.1016078183],"iteration":177,"passed_time":0.5073099953,"remaining_time":2.342746158},
{"learn":[0.1011883972],"iteration":178,"passed_time":0.509295205,"remaining_time":2.335929404},
{"learn":[0.1005478813],"iteration":179,"passed_time":0.5114640445,"remaining_time":2.330002869},
{"learn":[0.09997798774],"iteration":180,"passed_time":0.5133140194,"remaining_time":2.322675038},
{"learn":[0.09952534012],"iteration":181,"passed_time":0.515213308,"remaining_time":2.315629044},
{"learn":[0.09897517994],"iteration":182,"passed_time":0.5169250582,"remaining_time":2.307802036},
{"learn":[0.09839889044],"iteration":183,"passed_time":0.5193715926,"remaining_time":2.303300106},
{"learn":[0.09761827872],"iteration":184,"passed_time":0.5218468307,"remaining_time":2.298946849},
{"learn":[0.09683260043],"iteration":185,"passed_time":0.5238678008,"remaining_time":2.292625752},
{"learn":[0.09627658745],"iteration":186,"passed_time":0.5257186868,"remaining_time":2.285611189},
{"learn":[0.09553516647],"iteration":187,"passed_time":0.5274573064,"remaining_time":2.278166664},
{"learn":[0.09495212028],"iteration":188,"passed_time":0.5292042877,"remaining_time":2.270818398},
{"learn":[0.09444666455],"iteration":189,"passed_time":0.5310871424,"remaining_time":2.264108344},
{"learn":[0.09372336807],"iteration":190,"passed_time":0.5329815989,"remaining_time":2.257497977},
{"learn":[0.09303370148],"iteration":191,"passed_time":0.5351169094,"remaining_time":2.251950327},
{"learn":[0.09249191807],"iteration":192,"passed_time":0.5370875387,"remaining_time":2.245749449},
{"learn":[0.09198666628],"iteration":193,"passed_time":0.5389294465,"remaining_time":2.239057391},
{"learn":[0.09140463551],"iteration":194,"passed_time":0.5408138619,"remaining_time":2.232590558},
{"learn":[0.09087179195],"iteration":195,"passed_time":0.5428946269,"remaining_time":2.226975918},
{"learn":[0.0904380318],"iteration":196,"passed_time":0.5445866547,"remaining_time":2.219812608},
{"learn":[0.08975349892],"iteration":197,"passed_time":0.5464551835,"remaining_time":2.213419481},
{"learn":[0.08919114087],"iteration":198,"passed_time":0.5483213206,"remaining_time":2.2070622},
{"learn":[0.08867904511],"iteration":199,"passed_time":0.550994354,"remaining_time":2.203977416},
{"learn":[0.08803804377],"iteration":200,"passed_time":0.5534577031,"remaining_time":2.200063208},
{"learn":[0.08752690036],"iteration":201,"passed_time":0.5552921995,"remaining_time":2.193679085},
{"learn":[0.08702575237],"iteration":202,"passed_time":0.5572054962,"remaining_time":2.187649165},
{"learn":[0.08662995386],"iteration":203,"passed_time":0.5595394131,"remaining_time":2.183300847},
{"learn":[0.08618619999],"iteration":204,"passed_time":0.5614224222,"remaining_time":2.17722354},
{"learn":[0.08568220405],"iteration":205,"passed_time":0.5632016155,"remaining_time":2.170786809},
{"learn":[0.08529150321],"iteration":206,"passed_time":0.5655627285,"remaining_time":2.166624366},
{"learn":[0.08490054733],"iteration":207,"passed_time":0.5675742972,"remaining_time":2.161148285},
{"learn":[0.08426813062],"iteration":208,"passed_time":0.569859929,"remaining_time":2.156742602},
{"learn":[0.08390373195],"iteration":209,"passed_time":0.5718785071,"remaining_time":2.151352479},
{"learn":[0.08340563762],"iteration":210,"passed_time":0.5742195484,"remaining_time":2.147200112},
{"learn":[0.08298981055],"iteration":211,"passed_time":0.5759876076,"remaining_time":2.14093507},
{"learn":[0.08258317235],"iteration":212,"passed_time":0.5779834213,"remaining_time":2.135553768},
{"learn":[0.08205789969],"iteration":213,"passed_time":0.5799727057,"remaining_time":2.130180125},
{"learn":[0.08157499177],"iteration":214,"passed_time":0.5826216896,"remaining_time":2.127246634},
{"learn":[0.08111290074],"iteration":215,"passed_time":0.5845576869,"remaining_time":2.1217279},
{"learn":[0.0806964659],"iteration":216,"passed_time":0.5864016029,"remaining_time":2.115909931},
{"learn":[0.08028342319],"iteration":217,"passed_time":0.5882441023,"remaining_time":2.110123339},
{"learn":[0.07988881078],"iteration":218,"passed_time":0.5901384367,"remaining_time":2.104557621},
{"learn":[0.07954107468],"iteration":219,"passed_time":0.591934014,"remaining_time":2.09867514},
{"learn":[0.07908146448],"iteration":220,"passed_time":0.5943885731,"remaining_time":2.095152482},
{"learn":[0.07868211193],"iteration":221,"passed_time":0.5966977661,"remaining_time":2.091130009},
{"learn":[0.07826259256],"iteration":222,"passed_time":0.5989222515,"remaining_time":2.086827755},
{"learn":[0.07789874584],"iteration":223,"passed_time":0.6010196038,"remaining_time":2.082103628},
{"learn":[0.07738493198],"iteration":224,"passed_time":0.603007367,"remaining_time":2.077025375},
{"learn":[0.0770959453],"iteration":225,"passed_time":0.6049067094,"remaining_time":2.071671651},
{"learn":[0.07670115503],"iteration":226,"passed_time":0.6071075945,"remaining_time":2.067375201},
{"learn":[0.07634150023],"iteration":227,"passed_time":0.6086672376,"remaining_time":2.06092591},
{"learn":[0.07599650509],"iteration":228,"passed_time":0.6108155189,"remaining_time":2.056501158},
{"learn":[0.07566544101],"iteration":229,"passed_time":0.6125166765,"remaining_time":2.050599308},
{"learn":[0.07528405002],"iteration":230,"passed_time":0.6145215749,"remaining_time":2.045744983},
{"learn":[0.07481427534],"iteration":231,"passed_time":0.6162677414,"remaining_time":2.04005873},
{"learn":[0.07451613282],"iteration":232,"passed_time":0.6178258639,"remaining_time":2.033787286},
{"learn":[0.07404127294],"iteration":233,"passed_time":0.6196109369,"remaining_time":2.02829905},
{"learn":[0.07365924679],"iteration":234,"passed_time":0.6214056539,"remaining_time":2.022873724},
{"learn":[0.07318941791],"iteration":235,"passed_time":0.6233038682,"remaining_time":2.017814217},
{"learn":[0.07287978127],"iteration":236,"passed_time":0.6253313542,"remaining_time":2.013197566},
{"learn":[0.07255260819],"iteration":237,"passed_time":0.627106703,"remaining_time":2.00779541},
{"learn":[0.07226391966],"iteration":238,"passed_time":0.6288318497,"remaining_time":2.002263756},
{"learn":[0.07187659513],"iteration":239,"passed_time":0.6307767803,"remaining_time":1.997459804},
{"learn":[0.07161644479],"iteration":240,"passed_time":0.6324600664,"remaining_time":1.991855562},
{"learn":[0.07133078388],"iteration":241,"passed_time":0.6342441918,"remaining_time":1.986599576},
{"learn":[0.07112646118],"iteration":242,"passed_time":0.6360219384,"remaining_time":1.981352294},
{"learn":[0.07072494247],"iteration":243,"passed_time":0.6379301189,"remaining_time":1.976537582},
{"learn":[0.07039251365],"iteration":244,"passed_time":0.6397916201,"remaining_time":1.971602748},
{"learn":[0.07009147414],"iteration":245,"passed_time":0.6416290541,"remaining_time":1.966619133},
{"learn":[0.06972842894],"iteration":246,"passed_time":0.643310905,"remaining_time":1.961186686},
{"learn":[0.0694305623],"iteration":247,"passed_time":0.6451825453,"remaining_time":1.956359976},
{"learn":[0.069216847],"iteration":248,"passed_time":0.6472210063,"remaining_time":1.952060143},
{"learn":[0.06892780469],"iteration":249,"passed_time":0.6489760341,"remaining_time":1.946928102},
{"learn":[0.06868428731],"iteration":250,"passed_time":0.6507374054,"remaining_time":1.941841899},
{"learn":[0.0683252413],"iteration":251,"passed_time":0.6524766883,"remaining_time":1.936716519},
{"learn":[0.06798124046],"iteration":252,"passed_time":0.6545432941,"remaining_time":1.93258435},
{"learn":[0.06764925771],"iteration":253,"passed_time":0.6711081643,"remaining_time":1.971049963},
{"learn":[0.06719348302],"iteration":254,"passed_time":0.672624679,"remaining_time":1.96511916},
{"learn":[0.06678146874],"iteration":255,"passed_time":0.6743220605,"remaining_time":1.959748488},
{"learn":[0.0665353086],"iteration":256,"passed_time":0.6762986506,"remaining_time":1.955213608},
{"learn":[0.06618568366],"iteration":257,"passed_time":0.6783988212,"remaining_time":1.951053974},
{"learn":[0.06575763095],"iteration":258,"passed_time":0.6803257956,"remaining_time":1.946414728},
{"learn":[0.06539080363],"iteration":259,"passed_time":0.6820966276,"remaining_time":1.94135194},
{"learn":[0.06506398201],"iteration":260,"passed_time":0.683754746,"remaining_time":1.935995239},
{"learn":[0.0648105468],"iteration":261,"passed_time":0.6856348062,"remaining_time":1.931291935},
{"learn":[0.06455495028],"iteration":262,"passed_time":0.687968107,"remaining_time":1.927880209},
{"learn":[0.06434324605],"iteration":263,"passed_time":0.6896563973,"remaining_time":1.922678441},
{"learn":[0.06410798701],"iteration":264,"passed_time":0.6914776039,"remaining_time":1.917871845},
{"learn":[0.06392439675],"iteration":265,"passed_time":0.6937000665,"remaining_time":1.91419492},
{"learn":[0.06353938516],"iteration":266,"passed_time":0.6958146207,"remaining_time":1.910232648},
{"learn":[0.06328744615],"iteration":267,"passed_time":0.6977833952,"remaining_time":1.90588599},
{"learn":[0.06289820874],"iteration":268,"passed_time":0.7002467137,"remaining_time":1.902900921},
{"learn":[0.06257310935],"iteration":269,"passed_time":0.7021042273,"remaining_time":1.8982818},
{"learn":[0.06231586246],"iteration":270,"passed_time":0.7041519512,"remaining_time":1.894194732},
{"learn":[0.06205495425],"iteration":271,"passed_time":0.705705209,"remaining_time":1.888799236},
{"learn":[0.06174924129],"iteration":272,"passed_time":0.7073591087,"remaining_time":1.883699897},
{"learn":[0.06147031884],"iteration":273,"passed_time":0.7090071983,"remaining_time":1.878610314},
{"learn":[0.06124343358],"iteration":274,"passed_time":0.7106506115,"remaining_time":1.87353343},
{"learn":[0.06089979342],"iteration":275,"passed_time":0.7124304256,"remaining_time":1.868839232},
{"learn":[0.0606098745],"iteration":276,"passed_time":0.7144485057,"remaining_time":1.864787977},
{"learn":[0.06035369396],"iteration":277,"passed_time":0.7168087936,"remaining_time":1.861640104},
{"learn":[0.05998048107],"iteration":278,"passed_time":0.7185571146,"remaining_time":1.856916414},
{"learn":[0.05974720699],"iteration":279,"passed_time":0.7209078569,"remaining_time":1.85376306},
{"learn":[0.05939771298],"iteration":280,"passed_time":0.7231063187,"remaining_time":1.850225776},
{"learn":[0.05916822765],"iteration":281,"passed_time":0.7251425278,"remaining_time":1.846284876},
{"learn":[0.0589651395],"iteration":282,"passed_time":0.7294297886,"remaining_time":1.84806063},
{"learn":[0.05866187772],"iteration":283,"passed_time":0.7320327136,"remaining_time":1.845547264},
{"learn":[0.05843842015],"iteration":284,"passed_time":0.7343803381,"remaining_time":1.842392778},
{"learn":[0.05822801666],"iteration":285,"passed_time":0.7370161146,"remaining_time":1.839963307},
{"learn":[0.05796673256],"iteration":286,"passed_time":0.7389804688,"remaining_time":1.83586437},
{"learn":[0.0577161945],"iteration":287,"passed_time":0.7410856129,"remaining_time":1.832128321},
{"learn":[0.05737827456],"iteration":288,"passed_time":0.743723308,"remaining_time":1.829713744},
{"learn":[0.05715343385],"iteration":289,"passed_time":0.7461412598,"remaining_time":1.826759636},
{"learn":[0.05689919643],"iteration":290,"passed_time":0.7481012121,"remaining_time":1.822693331},
{"learn":[0.05663221096],"iteration":291,"passed_time":0.7498865346,"remaining_time":1.818218036},
{"learn":[0.05628501297],"iteration":292,"passed_time":0.7607998242,"remaining_time":1.835786607},
{"learn":[0.05600857477],"iteration":293,"passed_time":0.7627208532,"remaining_time":1.831567763},
{"learn":[0.05572261972],"iteration":294,"passed_time":0.7649057904,"remaining_time":1.827995194},
{"learn":[0.05548592732],"iteration":295,"passed_time":0.7669879978,"remaining_time":1.82418767},
{"learn":[0.05515617194],"iteration":296,"passed_time":0.7691169933,"remaining_time":1.820502513},
{"learn":[0.05487514858],"iteration":297,"passed_time":0.7710116049,"remaining_time":1.81627566},
{"learn":[0.05466230138],"iteration":298,"passed_time":0.7725462574,"remaining_time":1.81122049},
{"learn":[0.05455915896],"iteration":299,"passed_time":0.7743472082,"remaining_time":1.806810152},
{"learn":[0.05427200241],"iteration":300,"passed_time":0.7766222686,"remaining_time":1.803518159},
{"learn":[0.05401136001],"iteration":301,"passed_time":0.7784374542,"remaining_time":1.79917001},
{"learn":[0.05381573734],"iteration":302,"passed_time":0.7800617735,"remaining_time":1.794399525},
{"learn":[0.05355880162],"iteration":303,"passed_time":0.7817178865,"remaining_time":1.78972253},
{"learn":[0.05322488437],"iteration":304,"passed_time":0.783766647,"remaining_time":1.785960064},
{"learn":[0.05298591457],"iteration":305,"passed_time":0.7858284252,"remaining_time":1.782238324},
{"learn":[0.05277676109],"iteration":306,"passed_time":0.7875244936,"remaining_time":1.77770187},
{"learn":[0.05248359041],"iteration":307,"passed_time":0.789296682,"remaining_time":1.773354883},
{"learn":[0.0522390268],"iteration":308,"passed_time":0.7912900331,"remaining_time":1.769519135},
{"learn":[0.05198854932],"iteration":309,"passed_time":0.7936561772,"remaining_time":1.76652504},
{"learn":[0.05179967521],"iteration":310,"passed_time":0.7953101707,"remaining_time":1.761957259},
{"learn":[0.05159798519],"iteration":311,"passed_time":0.7969249873,"remaining_time":1.757321767},
{"learn":[0.05135682586],"iteration":312,"passed_time":0.7986130678,"remaining_time":1.752866382},
{"learn":[0.05119528796],"iteration":313,"passed_time":0.800684633,"remaining_time":1.749266428},
{"learn":[0.05099829943],"iteration":314,"passed_time":0.8025967541,"remaining_time":1.745329449},
{"learn":[0.05084842005],"iteration":315,"passed_time":0.8047024116,"remaining_time":1.741824207},
{"learn":[0.05062362576],"iteration":316,"passed_time":0.8069261009,"remaining_time":1.738582104},
{"learn":[0.05041460476],"iteration":317,"passed_time":0.8088166276,"remaining_time":1.734631887},
{"learn":[0.05016775302],"iteration":318,"passed_time":0.8105221306,"remaining_time":1.730299595},
{"learn":[0.04998656242],"iteration":319,"passed_time":0.8121293534,"remaining_time":1.725774876},
{"learn":[0.04978578634],"iteration":320,"passed_time":0.8140566438,"remaining_time":1.721945362},
{"learn":[0.04956623985],"iteration":321,"passed_time":0.815874152,"remaining_time":1.717896506},
{"learn":[0.04934721956],"iteration":322,"passed_time":0.8176587732,"remaining_time":1.713792537},
{"learn":[0.04921723454],"iteration":323,"passed_time":0.8197235776,"remaining_time":1.710287464},
{"learn":[0.04905220941],"iteration":324,"passed_time":0.8215952462,"remaining_time":1.706390127},
{"learn":[0.0489098845],"iteration":325,"passed_time":0.823920677,"remaining_time":1.703443363},
{"learn":[0.04877361972],"iteration":326,"passed_time":0.8258777028,"remaining_time":1.699742183},
{"learn":[0.04860616147],"iteration":327,"passed_time":0.8275734513,"remaining_time":1.695516339},
{"learn":[0.04840503225],"iteration":328,"passed_time":0.8292533374,"remaining_time":1.691273524},
{"learn":[0.04823738984],"iteration":329,"passed_time":0.8310194949,"remaining_time":1.687221399},
{"learn":[0.04804474513],"iteration":330,"passed_time":0.833120818,"remaining_time":1.683860505},
{"learn":[0.04780018348],"iteration":331,"passed_time":0.8355112169,"remaining_time":1.681088834},
{"learn":[0.04760110423],"iteration":332,"passed_time":0.8372967772,"remaining_time":1.677107959},
{"learn":[0.04741749319],"iteration":333,"passed_time":0.8394340239,"remaining_time":1.673841497},
{"learn":[0.04724986724],"iteration":334,"passed_time":0.8414800846,"remaining_time":1.670400765},
{"learn":[0.04704836836],"iteration":335,"passed_time":0.8432493159,"remaining_time":1.666421267},
{"learn":[0.04683050387],"iteration":336,"passed_time":0.8450066926,"remaining_time":1.662431564},
{"learn":[0.04661560896],"iteration":337,"passed_time":0.846900742,"remaining_time":1.658722755},
{"learn":[0.04646901643],"iteration":338,"passed_time":0.8499037348,"remaining_time":1.657186928},
{"learn":[0.04630880997],"iteration":339,"passed_time":0.8520864042,"remaining_time":1.654050079},
{"learn":[0.04617229551],"iteration":340,"passed_time":0.8538502789,"remaining_time":1.650109483},
{"learn":[0.04599494942],"iteration":341,"passed_time":0.8556255864,"remaining_time":1.646203614},
{"learn":[0.04583526739],"iteration":342,"passed_time":0.857669958,"remaining_time":1.642825546},
{"learn":[0.04569272834],"iteration":343,"passed_time":0.8595186707,"remaining_time":1.639082116},
{"learn":[0.04558582028],"iteration":344,"passed_time":0.861038593,"remaining_time":1.634725445},
{"learn":[0.04543416501],"iteration":345,"passed_time":0.8626114346,"remaining_time":1.630485197},
{"learn":[0.04529678344],"iteration":346,"passed_time":0.8649826262,"remaining_time":1.627762694},
{"learn":[0.04507609202],"iteration":347,"passed_time":0.8665757837,"remaining_time":1.623584514},
{"learn":[0.04492932196],"iteration":348,"passed_time":0.8684568263,"remaining_time":1.619958149},
{"learn":[0.04480880355],"iteration":349,"passed_time":0.870286645,"remaining_time":1.616246626},
{"learn":[0.04470413234],"iteration":350,"passed_time":0.8719929106,"remaining_time":1.612317376},
{"learn":[0.04457611493],"iteration":351,"passed_time":0.8739954662,"remaining_time":1.608946199},
{"learn":[0.04440604105],"iteration":352,"passed_time":0.8759194409,"remaining_time":1.605438749},
{"learn":[0.04421262562],"iteration":353,"passed_time":0.8775447289,"remaining_time":1.601395183},
{"learn":[0.04398765249],"iteration":354,"passed_time":0.8796207973,"remaining_time":1.598184266},
{"learn":[0.04389900564],"iteration":355,"passed_time":0.8814841184,"remaining_time":1.594594866},
{"learn":[0.04369269983],"iteration":356,"passed_time":0.8831860834,"remaining_time":1.590724514},
{"learn":[0.04352842086],"iteration":357,"passed_time":0.8848918682,"remaining_time":1.586873127},
{"learn":[0.04337576585],"iteration":358,"passed_time":0.886898195,"remaining_time":1.583570315},
{"learn":[0.04320353418],"iteration":359,"passed_time":0.8891089577,"remaining_time":1.580638147},
{"learn":[0.04304668986],"iteration":360,"passed_time":0.8909050171,"remaining_time":1.576975917},
{"learn":[0.0428921826],"iteration":361,"passed_time":0.8928007281,"remaining_time":1.573499626},
{"learn":[0.04277899485],"iteration":362,"passed_time":0.894593172,"remaining_time":1.569850828},
{"learn":[0.042670363],"iteration":363,"passed_time":0.8968178372,"remaining_time":1.56696743},
{"learn":[0.04248343989],"iteration":364,"passed_time":0.898762745,"remaining_time":1.56360094},
{"learn":[0.0423807771],"iteration":365,"passed_time":0.9006917042,"remaining_time":1.560214591},
{"learn":[0.04217518001],"iteration":366,"passed_time":0.9024717545,"remaining_time":1.556579348},
{"learn":[0.04209948909],"iteration":367,"passed_time":0.9043097416,"remaining_time":1.553053687},
{"learn":[0.04193949092],"iteration":368,"passed_time":0.9064613615,"remaining_time":1.550073494},
{"learn":[0.04181455123],"iteration":369,"passed_time":0.908171566,"remaining_time":1.54634618},
{"learn":[0.04165137509],"iteration":370,"passed_time":0.9101849635,"remaining_time":1.543143779},
{"learn":[0.04148715816],"iteration":371,"passed_time":0.912323337,"remaining_time":1.540158752},
{"learn":[0.04139401629],"iteration":372,"passed_time":0.9148100511,"remaining_time":1.537763812},
{"learn":[0.04125176146],"iteration":373,"passed_time":0.9166226692,"remaining_time":1.534240083},
{"learn":[0.04111776297],"iteration":374,"passed_time":0.9187797665,"remaining_time":1.531299611},
{"learn":[0.04096750582],"iteration":375,"passed_time":0.9206564947,"remaining_time":1.527898012},
{"learn":[0.04082128321],"iteration":376,"passed_time":0.9227002757,"remaining_time":1.524780562},
{"learn":[0.04071413223],"iteration":377,"passed_time":0.9246496107,"remaining_time":1.521513381},
{"learn":[0.04059500405],"iteration":378,"passed_time":0.9263841891,"remaining_time":1.51790127},
{"learn":[0.04046600974],"iteration":379,"passed_time":0.9280273238,"remaining_time":1.514149844},
{"learn":[0.04033032486],"iteration":380,"passed_time":0.9300135781,"remaining_time":1.510966942},
{"learn":[0.0401281921],"iteration":381,"passed_time":0.9316948505,"remaining_time":1.507296905},
{"learn":[0.04000602865],"iteration":382,"passed_time":0.9333348434,"remaining_time":1.503570753},
{"learn":[0.03983788617],"iteration":383,"passed_time":0.9351070018,"remaining_time":1.500067482},
{"learn":[0.03974538712],"iteration":384,"passed_time":0.9369717836,"remaining_time":1.496721161},
{"learn":[0.03963938202],"iteration":385,"passed_time":0.9390970047,"remaining_time":1.49379679},
{"learn":[0.03946373959],"iteration":386,"passed_time":0.9410664447,"remaining_time":1.490629795},
{"learn":[0.03934955373],"iteration":387,"passed_time":0.9433433224,"remaining_time":1.4879539},
{"learn":[0.03918526859],"iteration":388,"passed_time":0.9455968595,"remaining_time":1.485243396},
{"learn":[0.03898270226],"iteration":389,"passed_time":0.9478824187,"remaining_time":1.482585322},
{"learn":[0.03883737587],"iteration":390,"passed_time":0.9497606068,"remaining_time":1.479294654},
{"learn":[0.03868811704],"iteration":391,"passed_time":0.9514003309,"remaining_time":1.47564133},
{"learn":[0.03854413995],"iteration":392,"passed_time":0.9533670972,"remaining_time":1.472503379},
{"learn":[0.03843386509],"iteration":393,"passed_time":0.9553653543,"remaining_time":1.469419809},
{"learn":[0.03830911044],"iteration":394,"passed_time":0.9573534172,"remaining_time":1.46632612},
{"learn":[0.0382249543],"iteration":395,"passed_time":0.9595752262,"remaining_time":1.463594537},
{"learn":[0.0381378477],"iteration":396,"passed_time":0.9619097792,"remaining_time":1.461036768},
{"learn":[0.03805783489],"iteration":397,"passed_time":0.9635396685,"remaining_time":1.457414272},
{"learn":[0.03787308206],"iteration":398,"passed_time":0.9660664357,"remaining_time":1.455152701},
{"learn":[0.03776581899],"iteration":399,"passed_time":0.9677963605,"remaining_time":1.451694541},
{"learn":[0.03767358561],"iteration":400,"passed_time":0.9703158965,"remaining_time":1.449424494},
{"learn":[0.03757495986],"iteration":401,"passed_time":0.9725730135,"remaining_time":1.446762841},
{"learn":[0.03745268596],"iteration":402,"passed_time":0.9745056527,"remaining_time":1.443622518},
{"learn":[0.03731500821],"iteration":403,"passed_time":0.97656057,"remaining_time":1.440668564},
{"learn":[0.03720237988],"iteration":404,"passed_time":0.9790792005,"remaining_time":1.438400307},
{"learn":[0.03710345917],"iteration":405,"passed_time":0.9813002724,"remaining_time":1.435695472},
{"learn":[0.03695754938],"iteration":406,"passed_time":0.9833949894,"remaining_time":1.432808916},
{"learn":[0.0368664376],"iteration":407,"passed_time":0.9870650709,"remaining_time":1.432212064},
{"learn":[0.0367515744],"iteration":408,"passed_time":0.9893891225,"remaining_time":1.429655187},
{"learn":[0.03664576478],"iteration":409,"passed_time":0.9916751883,"remaining_time":1.427044783},
{"learn":[0.0365451938],"iteration":410,"passed_time":0.9942135166,"remaining_time":1.424797473},
{"learn":[0.03644782106],"iteration":411,"passed_time":0.9964513683,"remaining_time":1.422119914},
{"learn":[0.03630667828],"iteration":412,"passed_time":0.9983009097,"remaining_time":1.418892576},
{"learn":[0.0361817172],"iteration":413,"passed_time":1.001474223,"remaining_time":1.417545639},
{"learn":[0.03610682707],"iteration":414,"passed_time":1.004288253,"remaining_time":1.415683441},
{"learn":[0.03600914741],"iteration":415,"passed_time":1.007147714,"remaining_time":1.413880445},
{"learn":[0.0359036776],"iteration":416,"passed_time":1.009811527,"remaining_time":1.411798849},
{"learn":[0.03578686423],"iteration":417,"passed_time":1.01257656,"remaining_time":1.409855402},
{"learn":[0.03565285644],"iteration":418,"passed_time":1.015380425,"remaining_time":1.407961878},
{"learn":[0.03556673541],"iteration":419,"passed_time":1.018668811,"remaining_time":1.40673312},
{"learn":[0.0354913448],"iteration":420,"passed_time":1.021501691,"remaining_time":1.404868121},
{"learn":[0.03536010245],"iteration":421,"passed_time":1.023859413,"remaining_time":1.402347727},
{"learn":[0.03524163083],"iteration":422,"passed_time":1.027278092,"remaining_time":1.401275317},
{"learn":[0.03515001001],"iteration":423,"passed_time":1.029659333,"remaining_time":1.398782491},
{"learn":[0.03502594073],"iteration":424,"passed_time":1.032053299,"remaining_time":1.396307405},
{"learn":[0.03490430935],"iteration":425,"passed_time":1.034980962,"remaining_time":1.394551813},
{"learn":[0.03479541242],"iteration":426,"passed_time":1.037233881,"remaining_time":1.391885279},
{"learn":[0.03470710597],"iteration":427,"passed_time":1.03925725,"remaining_time":1.388913895},
{"learn":[0.03463024841],"iteration":428,"passed_time":1.041239245,"remaining_time":1.385891862},
{"learn":[0.0345523229],"iteration":429,"passed_time":1.043710276,"remaining_time":1.383522924},
{"learn":[0.03441792564],"iteration":430,"passed_time":1.046717503,"remaining_time":1.38186139},
{"learn":[0.03432222525],"iteration":431,"passed_time":1.049007238,"remaining_time":1.379250258},
{"learn":[0.03422684858],"iteration":432,"passed_time":1.051329889,"remaining_time":1.376683711},
{"learn":[0.03410747872],"iteration":433,"passed_time":1.053647167,"remaining_time":1.374111282},
{"learn":[0.03402882331],"iteration":434,"passed_time":1.055794831,"remaining_time":1.371319723},
{"learn":[0.03392771126],"iteration":435,"passed_time":1.058120309,"remaining_time":1.368761134},
{"learn":[0.03384938342],"iteration":436,"passed_time":1.060354168,"remaining_time":1.366085576},
{"learn":[0.03376374521],"iteration":437,"passed_time":1.062461632,"remaining_time":1.363249857},
{"learn":[0.03368917904],"iteration":438,"passed_time":1.064553276,"remaining_time":1.360397239},
{"learn":[0.03356916792],"iteration":439,"passed_time":1.068049814,"remaining_time":1.359336127},
{"learn":[0.03344112817],"iteration":440,"passed_time":1.07069207,"remaining_time":1.357181105},
{"learn":[0.03333523521],"iteration":441,"passed_time":1.072703571,"remaining_time":1.354227585},
{"learn":[0.03320808796],"iteration":442,"passed_time":1.075672212,"remaining_time":1.352481765},
{"learn":[0.03310713123],"iteration":443,"passed_time":1.077742324,"remaining_time":1.349605253},
{"learn":[0.03302496652],"iteration":444,"passed_time":1.080171191,"remaining_time":1.3471798},
{"learn":[0.03292805163],"iteration":445,"passed_time":1.083104961,"remaining_time":1.345381498},
{"learn":[0.03285438733],"iteration":446,"passed_time":1.085484122,"remaining_time":1.342891989},
{"learn":[0.03277717786],"iteration":447,"passed_time":1.087526567,"remaining_time":1.339988091},
{"learn":[0.03271142647],"iteration":448,"passed_time":1.090303252,"remaining_time":1.337989069},
{"learn":[0.03261234931],"iteration":449,"passed_time":1.092869074,"remaining_time":1.335728868},
{"learn":[0.03254833879],"iteration":450,"passed_time":1.095603086,"remaining_time":1.333672049},
{"learn":[0.03247652959],"iteration":451,"passed_time":1.098976361,"remaining_time":1.33238727},
{"learn":[0.03242508857],"iteration":452,"passed_time":1.101392782,"remaining_time":1.329937862},
{"learn":[0.03233329974],"iteration":453,"passed_time":1.103602825,"remaining_time":1.327240401},
{"learn":[0.03221265284],"iteration":454,"passed_time":1.10698244,"remaining_time":1.325946},
{"learn":[0.03215161096],"iteration":455,"passed_time":1.109427345,"remaining_time":1.323527359},
{"learn":[0.03203423058],"iteration":456,"passed_time":1.111711275,"remaining_time":1.320917335},
{"learn":[0.03191821595],"iteration":457,"passed_time":1.114370064,"remaining_time":1.318752346},
{"learn":[0.03184456437],"iteration":458,"passed_time":1.116412696,"remaining_time":1.315858973},
{"learn":[0.03174887237],"iteration":459,"passed_time":1.118695693,"remaining_time":1.313251466},
{"learn":[0.03165440232],"iteration":460,"passed_time":1.12168832,"remaining_time":1.311475064},
{"learn":[0.03156128771],"iteration":461,"passed_time":1.124768501,"remaining_time":1.309795354},
{"learn":[0.03144724728],"iteration":462,"passed_time":1.127846867,"remaining_time":1.30810749},
{"learn":[0.03135974712],"iteration":463,"passed_time":1.132201249,"remaining_time":1.307887649},
{"learn":[0.03126318024],"iteration":464,"passed_time":1.135969683,"remaining_time":1.306975872},
{"learn":[0.03115994904],"iteration":465,"passed_time":1.13995898,"remaining_time":1.306304925},
{"learn":[0.03105336793],"iteration":466,"passed_time":1.142393741,"remaining_time":1.303845533},
{"learn":[0.03095236468],"iteration":467,"passed_time":1.144758265,"remaining_time":1.301306404},
{"learn":[0.03083141988],"iteration":468,"passed_time":1.147365064,"remaining_time":1.299042322},
{"learn":[0.03074227306],"iteration":469,"passed_time":1.150699665,"remaining_time":1.297597495},
{"learn":[0.03066861902],"iteration":470,"passed_time":1.15351275,"remaining_time":1.295558906},
{"learn":[0.0305488079],"iteration":471,"passed_time":1.156038337,"remaining_time":1.293195427},
{"learn":[0.03049629431],"iteration":472,"passed_time":1.158873337,"remaining_time":1.291176002},
{"learn":[0.03042745992],"iteration":473,"passed_time":1.16172192,"remaining_time":1.289168207},
{"learn":[0.030353744],"iteration":474,"passed_time":1.164856204,"remaining_time":1.287472647},
{"learn":[0.03027863573],"iteration":475,"passed_time":1.167280102,"remaining_time":1.28498902},
{"learn":[0.03021851363],"iteration":476,"passed_time":1.170272012,"remaining_time":1.283128432},
{"learn":[0.03011854605],"iteration":477,"passed_time":1.173023392,"remaining_time":1.281000441},
{"learn":[0.03004584191],"iteration":478,"passed_time":1.17544797,"remaining_time":1.278514389},
{"learn":[0.02999117756],"iteration":479,"passed_time":1.178368491,"remaining_time":1.276565866},
{"learn":[0.02991012172],"iteration":480,"passed_time":1.18196395,"remaining_time":1.275341559},
{"learn":[0.02983665416],"iteration":481,"passed_time":1.184967864,"remaining_time":1.273471687},
{"learn":[0.02975308781],"iteration":482,"passed_time":1.188253173,"remaining_time":1.271898324},
{"learn":[0.02967568484],"iteration":483,"passed_time":1.191329716,"remaining_time":1.270095317},
{"learn":[0.02953389352],"iteration":484,"passed_time":1.194606016,"remaining_time":1.268499172},
{"learn":[0.02945380724],"iteration":485,"passed_time":1.197367766,"remaining_time":1.266351917},
{"learn":[0.0293791299],"iteration":486,"passed_time":1.199374485,"remaining_time":1.263406799},
{"learn":[0.02926777019],"iteration":487,"passed_time":1.202173777,"remaining_time":1.261297077},
{"learn":[0.02914690116],"iteration":488,"passed_time":1.204863122,"remaining_time":1.259069643},
{"learn":[0.02910404493],"iteration":489,"passed_time":1.207315098,"remaining_time":1.256593265},
{"learn":[0.02905348069],"iteration":490,"passed_time":1.210271235,"remaining_time":1.254639631},
{"learn":[0.02892075215],"iteration":491,"passed_time":1.21276115,"remaining_time":1.252200537},
{"learn":[0.02885551216],"iteration":492,"passed_time":1.215131097,"remaining_time":1.249637863},
{"learn":[0.02879929872],"iteration":493,"passed_time":1.218303519,"remaining_time":1.247897937},
{"learn":[0.02866795783],"iteration":494,"passed_time":1.221032495,"remaining_time":1.245699818},
{"learn":[0.02858313037],"iteration":495,"passed_time":1.223570184,"remaining_time":1.243305187},
{"learn":[0.02851985546],"iteration":496,"passed_time":1.226844938,"remaining_time":1.241655944},
{"learn":[0.0284527495],"iteration":497,"passed_time":1.229574269,"remaining_time":1.239450368},
{"learn":[0.02834536322],"iteration":498,"passed_time":1.231766385,"remaining_time":1.236703324},
{"learn":[0.02823818559],"iteration":499,"passed_time":1.234532083,"remaining_time":1.234532083},
{"learn":[0.02818218265],"iteration":500,"passed_time":1.237181895,"remaining_time":1.232243046},
{"learn":[0.02808766696],"iteration":501,"passed_time":1.239659164,"remaining_time":1.229781402},
{"learn":[0.0280165732],"iteration":502,"passed_time":1.242849671,"remaining_time":1.228024426},
{"learn":[0.0279403651],"iteration":503,"passed_time":1.245873216,"remaining_time":1.22609745},
{"learn":[0.02789648308],"iteration":504,"passed_time":1.248078524,"remaining_time":1.223364098},
{"learn":[0.02777282884],"iteration":505,"passed_time":1.251170468,"remaining_time":1.221498441},
{"learn":[0.0277009553],"iteration":506,"passed_time":1.253765036,"remaining_time":1.219144306},
{"learn":[0.02761591777],"iteration":507,"passed_time":1.256371635,"remaining_time":1.216800874},
{"learn":[0.02754319055],"iteration":508,"passed_time":1.259601644,"remaining_time":1.215057775},
{"learn":[0.02747007274],"iteration":509,"passed_time":1.262157975,"remaining_time":1.212661584},
{"learn":[0.02738445921],"iteration":510,"passed_time":1.264723927,"remaining_time":1.210273973},
{"learn":[0.02731570179],"iteration":511,"passed_time":1.267468916,"remaining_time":1.20805631},
{"learn":[0.02719841348],"iteration":512,"passed_time":1.269872501,"remaining_time":1.205512491},
{"learn":[0.02711469511],"iteration":513,"passed_time":1.272176294,"remaining_time":1.202874861},
{"learn":[0.02704974525],"iteration":514,"passed_time":1.275121214,"remaining_time":1.200842309},
{"learn":[0.02698649137],"iteration":515,"passed_time":1.277650925,"remaining_time":1.198416759},
{"learn":[0.02692515042],"iteration":516,"passed_time":1.280011243,"remaining_time":1.195832554},
{"learn":[0.02682660136],"iteration":517,"passed_time":1.283406886,"remaining_time":1.194212585},
{"learn":[0.02674241603],"iteration":518,"passed_time":1.285761181,"remaining_time":1.19162067},
{"learn":[0.02667370569],"iteration":519,"passed_time":1.287730216,"remaining_time":1.188674045},
{"learn":[0.02659782687],"iteration":520,"passed_time":1.29060734,"remaining_time":1.186566058},
{"learn":[0.02654255466],"iteration":521,"passed_time":1.292826831,"remaining_time":1.183852922},
{"learn":[0.02643792668],"iteration":522,"passed_time":1.295312884,"remaining_time":1.181384791},
{"learn":[0.02635386016],"iteration":523,"passed_time":1.298169049,"remaining_time":1.1792528},
{"learn":[0.02627629447],"iteration":524,"passed_time":1.300697667,"remaining_time":1.176821698},
{"learn":[0.02621447212],"iteration":525,"passed_time":1.303066461,"remaining_time":1.174246202},
{"learn":[0.02615578964],"iteration":526,"passed_time":1.30597641,"remaining_time":1.172157195},
{"learn":[0.02606533491],"iteration":527,"passed_time":1.308302492,"remaining_time":1.169543137},
{"learn":[0.02599354429],"iteration":528,"passed_time":1.310568278,"remaining_time":1.166876482},
{"learn":[0.02593322529],"iteration":529,"passed_time":1.312824779,"remaining_time":1.164203106},
{"learn":[0.02587662775],"iteration":530,"passed_time":1.315892896,"remaining_time":1.162248151},
{"learn":[0.02579017197],"iteration":531,"passed_time":1.318160193,"remaining_time":1.159584531},
{"learn":[0.02570716035],"iteration":532,"passed_time":1.320348174,"remaining_time":1.156852903},
{"learn":[0.02565249558],"iteration":533,"passed_time":1.322978864,"remaining_time":1.154509645},
{"learn":[0.02555672045],"iteration":534,"passed_time":1.325101212,"remaining_time":1.151723483},
{"learn":[0.02548924392],"iteration":535,"passed_time":1.327392934,"remaining_time":1.149086421},
{"learn":[0.02543194494],"iteration":536,"passed_time":1.330313344,"remaining_time":1.146992697},
{"learn":[0.02535671169],"iteration":537,"passed_time":1.332398785,"remaining_time":1.144178882},
{"learn":[0.02528047401],"iteration":538,"passed_time":1.334338293,"remaining_time":1.141242955},
{"learn":[0.02520520652],"iteration":539,"passed_time":1.336313302,"remaining_time":1.138340961},
{"learn":[0.02512354566],"iteration":540,"passed_time":1.33893548,"remaining_time":1.13599147},
{"learn":[0.02504609665],"iteration":541,"passed_time":1.341206371,"remaining_time":1.133344129},
{"learn":[0.02494350997],"iteration":542,"passed_time":1.343892807,"remaining_time":1.131047905},
{"learn":[0.02490173724],"iteration":543,"passed_time":1.346596967,"remaining_time":1.128765105},
{"learn":[0.02486282214],"iteration":544,"passed_time":1.34883642,"remaining_time":1.126092791},
{"learn":[0.02481856118],"iteration":545,"passed_time":1.351207757,"remaining_time":1.123531725},
{"learn":[0.02475602189],"iteration":546,"passed_time":1.353665932,"remaining_time":1.121043267},
{"learn":[0.02469593184],"iteration":547,"passed_time":1.356030649,"remaining_time":1.118477834},
{"learn":[0.02463453768],"iteration":548,"passed_time":1.358250509,"remaining_time":1.115794134},
{"learn":[0.02456579979],"iteration":549,"passed_time":1.360109922,"remaining_time":1.112817209},
{"learn":[0.02450475045],"iteration":550,"passed_time":1.362859439,"remaining_time":1.11056967},
{"learn":[0.02443167908],"iteration":551,"passed_time":1.365185144,"remaining_time":1.107976349},
{"learn":[0.02437768082],"iteration":552,"passed_time":1.366951484,"remaining_time":1.104931851},
{"learn":[0.02434948825],"iteration":553,"passed_time":1.368898309,"remaining_time":1.102037267},
{"learn":[0.02426542949],"iteration":554,"passed_time":1.371407152,"remaining_time":1.099596726},
{"learn":[0.0241876816],"iteration":555,"passed_time":1.37339969,"remaining_time":1.096743637},
{"learn":[0.02411890983],"iteration":556,"passed_time":1.37522499,"remaining_time":1.09376063},
{"learn":[0.02405872814],"iteration":557,"passed_time":1.377780811,"remaining_time":1.091360427},
{"learn":[0.02398726741],"iteration":558,"passed_time":1.380641759,"remaining_time":1.089200386},
{"learn":[0.02392429844],"iteration":559,"passed_time":1.38257459,"remaining_time":1.086308606},
{"learn":[0.02384234318],"iteration":560,"passed_time":1.384729306,"remaining_time":1.083593877},
{"learn":[0.02379963155],"iteration":561,"passed_time":1.387175288,"remaining_time":1.081108143},
{"learn":[0.02374049677],"iteration":562,"passed_time":1.389238499,"remaining_time":1.078325442},
{"learn":[0.02368570043],"iteration":563,"passed_time":1.391315955,"remaining_time":1.075556305},
{"learn":[0.02363543841],"iteration":564,"passed_time":1.393691038,"remaining_time":1.073018763},
{"learn":[0.02357666147],"iteration":565,"passed_time":1.395911693,"remaining_time":1.070363383},
{"learn":[0.02348008171],"iteration":566,"passed_time":1.397997531,"remaining_time":1.06760658},
{"learn":[0.02343746654],"iteration":567,"passed_time":1.399942904,"remaining_time":1.064745307},
{"learn":[0.02338698251],"iteration":568,"passed_time":1.402054242,"remaining_time":1.062012967},
{"learn":[0.02333601517],"iteration":569,"passed_time":1.404606412,"remaining_time":1.059615363},
{"learn":[0.02326863964],"iteration":570,"passed_time":1.406630897,"remaining_time":1.056820762},
{"learn":[0.02323900837],"iteration":571,"passed_time":1.408921214,"remaining_time":1.054227761},
{"learn":[0.02317794083],"iteration":572,"passed_time":1.41160701,"remaining_time":1.051930529},
{"learn":[0.02312044302],"iteration":573,"passed_time":1.413776304,"remaining_time":1.049248616},
{"learn":[0.0230635035],"iteration":574,"passed_time":1.416026381,"remaining_time":1.046628195},
{"learn":[0.02298919471],"iteration":575,"passed_time":1.418980522,"remaining_time":1.044527328},
{"learn":[0.02294071106],"iteration":576,"passed_time":1.421171874,"remaining_time":1.041864303},
{"learn":[0.02288324191],"iteration":577,"passed_time":1.433651848,"remaining_time":1.046714671},
{"learn":[0.02282828245],"iteration":578,"passed_time":1.436125727,"remaining_time":1.044229588},
{"learn":[0.02278215295],"iteration":579,"passed_time":1.438201147,"remaining_time":1.041456003},
{"learn":[0.02272466418],"iteration":580,"passed_time":1.440227014,"remaining_time":1.038649086},
{"learn":[0.02265857055],"iteration":581,"passed_time":1.442695986,"remaining_time":1.036163096},
{"learn":[0.02264116011],"iteration":582,"passed_time":1.445137709,"remaining_time":1.033657675},
{"learn":[0.02260897529],"iteration":583,"passed_time":1.447537559,"remaining_time":1.031122645},
{"learn":[0.02253261013],"iteration":584,"passed_time":1.450109709,"remaining_time":1.028710306},
{"learn":[0.02247953235],"iteration":585,"passed_time":1.452516135,"remaining_time":1.026180341},
{"learn":[0.02242860005],"iteration":586,"passed_time":1.454731952,"remaining_time":1.023516689},
{"learn":[0.02238533252],"iteration":587,"passed_time":1.45668171,"remaining_time":1.020668137},
{"learn":[0.02234553352],"iteration":588,"passed_time":1.459550363,"remaining_time":1.018463836},
{"learn":[0.02228604645],"iteration":589,"passed_time":1.46207223,"remaining_time":1.016016295},
{"learn":[0.02222548824],"iteration":590,"passed_time":1.464109753,"remaining_time":1.013233315},
{"learn":[0.02218677621],"iteration":591,"passed_time":1.466357934,"remaining_time":1.010598036},
{"learn":[0.02213556259],"iteration":592,"passed_time":1.469442176,"remaining_time":1.008537884},
{"learn":[0.02206391449],"iteration":593,"passed_time":1.471787427,"remaining_time":1.005969184},
{"learn":[0.02199586267],"iteration":594,"passed_time":1.474068916,"remaining_time":1.003357834},
{"learn":[0.0219390377],"iteration":595,"passed_time":1.476230091,"remaining_time":1.000666035},
{"learn":[0.02188844747],"iteration":596,"passed_time":1.47871497,"remaining_time":0.9981945275},
{"learn":[0.02183641092],"iteration":597,"passed_time":1.480886881,"remaining_time":0.9955125856},
{"learn":[0.02176856062],"iteration":598,"passed_time":1.483051714,"remaining_time":0.9928276083},
{"learn":[0.02171521487],"iteration":599,"passed_time":1.485109655,"remaining_time":0.9900731036},
{"learn":[0.02166624048],"iteration":600,"passed_time":1.48744247,"remaining_time":0.9875034033},
{"learn":[0.02161555446],"iteration":601,"passed_time":1.489433235,"remaining_time":0.9847083515},
{"learn":[0.02157257037],"iteration":602,"passed_time":1.492097744,"remaining_time":0.9823595432},
{"learn":[0.02150170884],"iteration":603,"passed_time":1.494440882,"remaining_time":0.9797989888},
{"learn":[0.02143917541],"iteration":604,"passed_time":1.496357507,"remaining_time":0.9769606862},
{"learn":[0.02139915921],"iteration":605,"passed_time":1.498840512,"remaining_time":0.9744936664},
{"learn":[0.0213364895],"iteration":606,"passed_time":1.500684763,"remaining_time":0.9716130343},
{"learn":[0.02128451168],"iteration":607,"passed_time":1.502729172,"remaining_time":0.9688648609},
{"learn":[0.02125823721],"iteration":608,"passed_time":1.504910424,"remaining_time":0.966206857},
{"learn":[0.02123875119],"iteration":609,"passed_time":1.508230986,"remaining_time":0.9642788273},
{"learn":[0.02120786765],"iteration":610,"passed_time":1.511090803,"remaining_time":0.9620529006},
{"learn":[0.02116752996],"iteration":611,"passed_time":1.513305013,"remaining_time":0.9594155962},
{"learn":[0.0211288583],"iteration":612,"passed_time":1.515727837,"remaining_time":0.956911375},
{"learn":[0.02107642559],"iteration":613,"passed_time":1.518065414,"remaining_time":0.9543538271},
{"learn":[0.02101774607],"iteration":614,"passed_time":1.520172713,"remaining_time":0.9516528366},
{"learn":[0.02095440125],"iteration":615,"passed_time":1.52282401,"remaining_time":0.9492928892},
{"learn":[0.02092897552],"iteration":616,"passed_time":1.525692424,"remaining_time":0.947066772},
{"learn":[0.02088815221],"iteration":617,"passed_time":1.527848565,"remaining_time":0.944398304},
{"learn":[0.02083087316],"iteration":618,"passed_time":1.529821164,"remaining_time":0.9416185191},
{"learn":[0.02078127139],"iteration":619,"passed_time":1.532504107,"remaining_time":0.9392767108},
{"learn":[0.02074509884],"iteration":620,"passed_time":1.535266042,"remaining_time":0.9369820128},
{"learn":[0.02068464434],"iteration":621,"passed_time":1.53808401,"remaining_time":0.9347198648},
{"learn":[0.0206568861],"iteration":622,"passed_time":1.540597196,"remaining_time":0.9322714972},
{"learn":[0.02062311029],"iteration":623,"passed_time":1.542913086,"remaining_time":0.9297040392},
{"learn":[0.02056210869],"iteration":624,"passed_time":1.544936451,"remaining_time":0.9269618703},
{"learn":[0.02052267173],"iteration":625,"passed_time":1.547141505,"remaining_time":0.9243305478},
{"learn":[0.02047090754],"iteration":626,"passed_time":1.548971186,"remaining_time":0.9214772762},
{"learn":[0.02040694785],"iteration":627,"passed_time":1.551151852,"remaining_time":0.9188351736},
{"learn":[0.02037538105],"iteration":628,"passed_time":1.553219069,"remaining_time":0.9161276224},
{"learn":[0.02033872262],"iteration":629,"passed_time":1.555425717,"remaining_time":0.9135039923},
{"learn":[0.02031347767],"iteration":630,"passed_time":1.557112245,"remaining_time":0.910577525},
{"learn":[0.02028952862],"iteration":631,"passed_time":1.558920949,"remaining_time":0.9077261225},
{"learn":[0.02025962814],"iteration":632,"passed_time":1.560513878,"remaining_time":0.904752912},
{"learn":[0.02021037513],"iteration":633,"passed_time":1.562664036,"remaining_time":0.902105737},
{"learn":[0.02015751191],"iteration":634,"passed_time":1.564760153,"remaining_time":0.8994290641},
{"learn":[0.02010871301],"iteration":635,"passed_time":1.566967063,"remaining_time":0.8968176273},
{"learn":[0.02006002383],"iteration":636,"passed_time":1.568972654,"remaining_time":0.8940927367},
{"learn":[0.02000675271],"iteration":637,"passed_time":1.571613042,"remaining_time":0.8917302843},
{"learn":[0.01996717535],"iteration":638,"passed_time":1.57365915,"remaining_time":0.8890312256},
{"learn":[0.01992915102],"iteration":639,"passed_time":1.575786519,"remaining_time":0.886379917},
{"learn":[0.01989535792],"iteration":640,"passed_time":1.577759084,"remaining_time":0.8836435429},
{"learn":[0.01986527201],"iteration":641,"passed_time":1.580420293,"remaining_time":0.8812935589},
{"learn":[0.01981526796],"iteration":642,"passed_time":1.582502647,"remaining_time":0.8786212207},
{"learn":[0.01975049232],"iteration":643,"passed_time":1.585127682,"remaining_time":0.8762507064},
{"learn":[0.01971645383],"iteration":644,"passed_time":1.587013931,"remaining_time":0.8734727836},
{"learn":[0.0196723987],"iteration":645,"passed_time":1.597055913,"remaining_time":0.8751668626},
{"learn":[0.01962754447],"iteration":646,"passed_time":1.599344229,"remaining_time":0.872594301},
{"learn":[0.01958261051],"iteration":647,"passed_time":1.601512777,"remaining_time":0.8699575577},
{"learn":[0.01956742827],"iteration":648,"passed_time":1.604285036,"remaining_time":0.8676487638},
{"learn":[0.01952479752],"iteration":649,"passed_time":1.606717796,"remaining_time":0.8651557366},
{"learn":[0.01947488863],"iteration":650,"passed_time":1.608963544,"remaining_time":0.8625626372},
{"learn":[0.01944279335],"iteration":651,"passed_time":1.62735637,"remaining_time":0.8685889828},
{"learn":[0.01940526435],"iteration":652,"passed_time":1.629993772,"remaining_time":0.8661682064},
{"learn":[0.01935240677],"iteration":653,"passed_time":1.631755529,"remaining_time":0.8632835062},
{"learn":[0.01931641673],"iteration":654,"passed_time":1.633384124,"remaining_time":0.8603320959},
{"learn":[0.01925719811],"iteration":655,"passed_time":1.635304264,"remaining_time":0.8575376017},
{"learn":[0.01924406089],"iteration":656,"passed_time":1.637282336,"remaining_time":0.854776014},
{"learn":[0.0192101336],"iteration":657,"passed_time":1.639487882,"remaining_time":0.8521350392},
{"learn":[0.01918861981],"iteration":658,"passed_time":1.641295087,"remaining_time":0.8492892637},
{"learn":[0.01912578078],"iteration":659,"passed_time":1.644079858,"remaining_time":0.8469502301},
{"learn":[0.01909399301],"iteration":660,"passed_time":1.646044263,"remaining_time":0.8441891152},
{"learn":[0.01904154652],"iteration":661,"passed_time":1.648293445,"remaining_time":0.8415758073},
{"learn":[0.01900491862],"iteration":662,"passed_time":1.650078804,"remaining_time":0.8387278387},
{"learn":[0.01896595386],"iteration":663,"passed_time":1.652696747,"remaining_time":0.836304378},
{"learn":[0.0189300755],"iteration":664,"passed_time":1.654960642,"remaining_time":0.8337019778},
{"learn":[0.01888732253],"iteration":665,"passed_time":1.657323752,"remaining_time":0.8311503503},
{"learn":[0.01883886539],"iteration":666,"passed_time":1.659562947,"remaining_time":0.8285374232},
{"learn":[0.01880589705],"iteration":667,"passed_time":1.661639755,"remaining_time":0.8258449081},
{"learn":[0.01876295263],"iteration":668,"passed_time":1.663749013,"remaining_time":0.8231702889},
{"learn":[0.01871314781],"iteration":669,"passed_time":1.665632238,"remaining_time":0.8203860277},
{"learn":[0.01869131454],"iteration":670,"passed_time":1.667907784,"remaining_time":0.8177968122},
{"learn":[0.01863696341],"iteration":671,"passed_time":1.67041893,"remaining_time":0.8153235253},
{"learn":[0.01860788489],"iteration":672,"passed_time":1.673306083,"remaining_time":0.8130328218},
{"learn":[0.01855240498],"iteration":673,"passed_time":1.675386485,"remaining_time":0.8103501396},
{"learn":[0.01851709846],"iteration":674,"passed_time":1.67765608,"remaining_time":0.8077603347},
{"learn":[0.01848464922],"iteration":675,"passed_time":1.679342648,"remaining_time":0.8048920386},
{"learn":[0.01843555374],"iteration":676,"passed_time":1.681336166,"remaining_time":0.8021736802},
{"learn":[0.01840196436],"iteration":677,"passed_time":1.683478522,"remaining_time":0.7995281477},
{"learn":[0.01836113021],"iteration":678,"passed_time":1.685832193,"remaining_time":0.7969839968},
{"learn":[0.01832884617],"iteration":679,"passed_time":1.68814981,"remaining_time":0.79442344},
{"learn":[0.01829412548],"iteration":680,"passed_time":1.690427605,"remaining_time":0.7918449428},
{"learn":[0.01824706928],"iteration":681,"passed_time":1.692820769,"remaining_time":0.7893211209},
{"learn":[0.01821210884],"iteration":682,"passed_time":1.694722443,"remaining_time":0.7865695673},
{"learn":[0.01818779874],"iteration":683,"passed_time":1.697493958,"remaining_time":0.784222355},
{"learn":[0.01814085098],"iteration":684,"passed_time":1.699687452,"remaining_time":0.7816080983},
{"learn":[0.01810146641],"iteration":685,"passed_time":1.701812618,"remaining_time":0.7789637929},
{"learn":[0.01804256792],"iteration":686,"passed_time":1.703753241,"remaining_time":0.7762369206},
{"learn":[0.01801390624],"iteration":687,"passed_time":1.705378193,"remaining_time":0.7733691805},
{"learn":[0.01799005812],"iteration":688,"passed_time":1.707329151,"remaining_time":0.7706522001},
{"learn":[0.0179529952],"iteration":689,"passed_time":1.709390649,"remaining_time":0.7679871033},
{"learn":[0.01790196809],"iteration":690,"passed_time":1.71163702,"remaining_time":0.7654064242},
{"learn":[0.01786831879],"iteration":691,"passed_time":1.713588649,"remaining_time":0.762695526},
{"learn":[0.01781889502],"iteration":692,"passed_time":1.715988676,"remaining_time":0.7601854598},
{"learn":[0.01776618118],"iteration":693,"passed_time":1.717985279,"remaining_time":0.7574978318},
{"learn":[0.01771146706],"iteration":694,"passed_time":1.719935792,"remaining_time":0.7547919663},
{"learn":[0.0176715566],"iteration":695,"passed_time":1.721697527,"remaining_time":0.7520058163},
{"learn":[0.01762340778],"iteration":696,"passed_time":1.723919885,"remaining_time":0.7494228481},
{"learn":[0.01757873475],"iteration":697,"passed_time":1.725718232,"remaining_time":0.7466574586},
{"learn":[0.01753541169],"iteration":698,"passed_time":1.727702353,"remaining_time":0.7439748329},
{"learn":[0.01751123244],"iteration":699,"passed_time":1.729389289,"remaining_time":0.7411668381},
{"learn":[0.0174728356],"iteration":700,"passed_time":1.731474666,"remaining_time":0.7385319904},
{"learn":[0.01743920082],"iteration":701,"passed_time":1.733855723,"remaining_time":0.7360242241},
{"learn":[0.0173916858],"iteration":702,"passed_time":1.736052768,"remaining_time":0.7334390784},
{"learn":[0.0173472061],"iteration":703,"passed_time":1.738045658,"remaining_time":0.730769197},
{"learn":[0.01730079659],"iteration":704,"passed_time":1.740416789,"remaining_time":0.7282595076},
{"learn":[0.01726290681],"iteration":705,"passed_time":1.742305736,"remaining_time":0.7255494139},
{"learn":[0.01723169957],"iteration":706,"passed_time":1.744617841,"remaining_time":0.7230170118},
{"learn":[0.01720806061],"iteration":707,"passed_time":1.746213358,"remaining_time":0.7201896901},
{"learn":[0.01718374091],"iteration":708,"passed_time":1.74827156,"remaining_time":0.7175557462},
{"learn":[0.01714252755],"iteration":709,"passed_time":1.750012299,"remaining_time":0.7147937558},
{"learn":[0.0171065183],"iteration":710,"passed_time":1.751830453,"remaining_time":0.7120661055},
{"learn":[0.01706835178],"iteration":711,"passed_time":1.75346413,"remaining_time":0.7092663897},
{"learn":[0.01703146895],"iteration":712,"passed_time":1.755481516,"remaining_time":0.7066243969},
{"learn":[0.01699880612],"iteration":713,"passed_time":1.757627171,"remaining_time":0.7040355334},
{"learn":[0.01694976893],"iteration":714,"passed_time":1.759496724,"remaining_time":0.7013378549},
{"learn":[0.01691461905],"iteration":715,"passed_time":1.761216175,"remaining_time":0.6985829519},
{"learn":[0.01688090962],"iteration":716,"passed_time":1.763318139,"remaining_time":0.6959819154},
{"learn":[0.01684984701],"iteration":717,"passed_time":1.765074136,"remaining_time":0.6932463875},
{"learn":[0.01681789251],"iteration":718,"passed_time":1.766760851,"remaining_time":0.6904865079},
{"learn":[0.01677319511],"iteration":719,"passed_time":1.768381111,"remaining_time":0.6877037653},
{"learn":[0.01672933914],"iteration":720,"passed_time":1.769944468,"remaining_time":0.6849022284},
{"learn":[0.01669814863],"iteration":721,"passed_time":1.7720329,"remaining_time":0.6823062968},
{"learn":[0.01668111033],"iteration":722,"passed_time":1.774106,"remaining_time":0.6797058948},
{"learn":[0.01662502063],"iteration":723,"passed_time":1.775696501,"remaining_time":0.6769229755},
{"learn":[0.01659269843],"iteration":724,"passed_time":1.777662046,"remaining_time":0.6742856037},
{"learn":[0.01656266361],"iteration":725,"passed_time":1.779776416,"remaining_time":0.6717062506},
{"learn":[0.01652153111],"iteration":726,"passed_time":1.781628354,"remaining_time":0.6690296295},
{"learn":[0.01649401006],"iteration":727,"passed_time":1.783300407,"remaining_time":0.6662880643},
{"learn":[0.01645628094],"iteration":728,"passed_time":1.784892823,"remaining_time":0.6635198286},
{"learn":[0.01640700112],"iteration":729,"passed_time":1.786674009,"remaining_time":0.6608246333},
{"learn":[0.0163747313],"iteration":730,"passed_time":1.788509972,"remaining_time":0.6581520964},
{"learn":[0.01634338634],"iteration":731,"passed_time":1.790230903,"remaining_time":0.6554397295},
{"learn":[0.0163000421],"iteration":732,"passed_time":1.792173292,"remaining_time":0.6528107352},
{"learn":[0.01626616933],"iteration":733,"passed_time":1.793981619,"remaining_time":0.6501350283},
{"learn":[0.01623594233],"iteration":734,"passed_time":1.796061887,"remaining_time":0.6475597279},
{"learn":[0.01619704714],"iteration":735,"passed_time":1.797884866,"remaining_time":0.6448934845},
{"learn":[0.01615231303],"iteration":736,"passed_time":1.799584103,"remaining_time":0.642185372},
{"learn":[0.0161165025],"iteration":737,"passed_time":1.801337443,"remaining_time":0.6394992005},
{"learn":[0.01608908978],"iteration":738,"passed_time":1.803108271,"remaining_time":0.6368217304},
{"learn":[0.01605598575],"iteration":739,"passed_time":1.805025784,"remaining_time":0.6341982485},
{"learn":[0.01601960197],"iteration":740,"passed_time":1.807304341,"remaining_time":0.6317028669},
{"learn":[0.01598726762],"iteration":741,"passed_time":1.80948782,"remaining_time":0.6291750102},
{"learn":[0.01593887846],"iteration":742,"passed_time":1.811412133,"remaining_time":0.6265584364},
{"learn":[0.01591216639],"iteration":743,"passed_time":1.813332279,"remaining_time":0.6239422896},
{"learn":[0.0158703354],"iteration":744,"passed_time":1.815456264,"remaining_time":0.6213977815},
{"learn":[0.01583481646],"iteration":745,"passed_time":1.817250884,"remaining_time":0.6187422579},
{"learn":[0.01581104785],"iteration":746,"passed_time":1.819545045,"remaining_time":0.6162582282},
{"learn":[0.01577427911],"iteration":747,"passed_time":1.822708697,"remaining_time":0.6140676358},
{"learn":[0.01573587225],"iteration":748,"passed_time":1.825013226,"remaining_time":0.6115865416},
{"learn":[0.01569661382],"iteration":749,"passed_time":1.828145351,"remaining_time":0.6093817836},
{"learn":[0.01566129354],"iteration":750,"passed_time":1.831010426,"remaining_time":0.6070860136},
{"learn":[0.01563123222],"iteration":751,"passed_time":1.833880825,"remaining_time":0.604790485},
{"learn":[0.01560118479],"iteration":752,"passed_time":1.836471537,"remaining_time":0.6024016862},
{"learn":[0.01557205557],"iteration":753,"passed_time":1.838977222,"remaining_time":0.599984611},
{"learn":[0.01556070974],"iteration":754,"passed_time":1.841575442,"remaining_time":0.5975973288},
{"learn":[0.01552889479],"iteration":755,"passed_time":1.844595918,"remaining_time":0.5953457726},
{"learn":[0.01549591672],"iteration":756,"passed_time":1.846935498,"remaining_time":0.5928736144},
{"learn":[0.01543548624],"iteration":757,"passed_time":1.849669345,"remaining_time":0.59052768},
{"learn":[0.01541211306],"iteration":758,"passed_time":1.85320825,"remaining_time":0.588436348},
{"learn":[0.01538395065],"iteration":759,"passed_time":1.856314824,"remaining_time":0.5862046814},
{"learn":[0.01534436735],"iteration":760,"passed_time":1.858919934,"remaining_time":0.5838132249},
{"learn":[0.01531066169],"iteration":761,"passed_time":1.861195572,"remaining_time":0.5813183019},
{"learn":[0.01526121545],"iteration":762,"passed_time":1.863492269,"remaining_time":0.5788304952},
{"learn":[0.01522276445],"iteration":763,"passed_time":1.86574256,"remaining_time":0.5763288535},
{"learn":[0.01518947111],"iteration":764,"passed_time":1.868544983,"remaining_time":0.5739974784},
{"learn":[0.01515416645],"iteration":765,"passed_time":1.871328535,"remaining_time":0.5716591085},
{"learn":[0.01511669315],"iteration":766,"passed_time":1.873570851,"remaining_time":0.5691551607},
{"learn":[0.01511173678],"iteration":767,"passed_time":1.876049398,"remaining_time":0.5667232556},
{"learn":[0.01508716591],"iteration":768,"passed_time":1.87826031,"remaining_time":0.5642108343},
{"learn":[0.01505303989],"iteration":769,"passed_time":1.880283825,"remaining_time":0.5616432203},
{"learn":[0.01501104918],"iteration":770,"passed_time":1.882811768,"remaining_time":0.5592268415},
{"learn":[0.01497789583],"iteration":771,"passed_time":1.885792323,"remaining_time":0.5569438468},
{"learn":[0.01495649115],"iteration":772,"passed_time":1.887801203,"remaining_time":0.5543737037},
{"learn":[0.01493807717],"iteration":773,"passed_time":1.889808066,"remaining_time":0.5518044224},
{"learn":[0.01490955567],"iteration":774,"passed_time":1.892672717,"remaining_time":0.5494856275},
{"learn":[0.01488439108],"iteration":775,"passed_time":1.895358195,"remaining_time":0.5471137057},
{"learn":[0.01484831942],"iteration":776,"passed_time":1.898081476,"remaining_time":0.5447518265},
{"learn":[0.01482507533],"iteration":777,"passed_time":1.900404693,"remaining_time":0.542274861},
{"learn":[0.01480107338],"iteration":778,"passed_time":1.902900544,"remaining_time":0.5398472661},
{"learn":[0.0147850605],"iteration":779,"passed_time":1.905041725,"remaining_time":0.5373194608},
{"learn":[0.01477748006],"iteration":780,"passed_time":1.907379305,"remaining_time":0.5348477179},
{"learn":[0.01475252621],"iteration":781,"passed_time":1.910068267,"remaining_time":0.5324742738},
{"learn":[0.01472056574],"iteration":782,"passed_time":1.912981101,"remaining_time":0.5301620675},
{"learn":[0.01469418874],"iteration":783,"passed_time":1.915321952,"remaining_time":0.5276907418},
{"learn":[0.01465745897],"iteration":784,"passed_time":1.917983605,"remaining_time":0.5253076115},
{"learn":[0.01461986069],"iteration":785,"passed_time":1.920571598,"remaining_time":0.5229037176},
{"learn":[0.01458272407],"iteration":786,"passed_time":1.923079213,"remaining_time":0.5204776016},
{"learn":[0.01454766424],"iteration":787,"passed_time":1.926301543,"remaining_time":0.5182435624},
{"learn":[0.01450682581],"iteration":788,"passed_time":1.928733314,"remaining_time":0.5157956011},
{"learn":[0.01448131265],"iteration":789,"passed_time":1.930680826,"remaining_time":0.5132189539},
{"learn":[0.0144563856],"iteration":790,"passed_time":1.933659878,"remaining_time":0.5109164533},
{"learn":[0.01443560528],"iteration":791,"passed_time":1.935967004,"remaining_time":0.5084357789},
{"learn":[0.01440602917],"iteration":792,"passed_time":1.938576272,"remaining_time":0.5060344114},
{"learn":[0.01438466707],"iteration":793,"passed_time":1.941756783,"remaining_time":0.5037807271},
{"learn":[0.01435083716],"iteration":794,"passed_time":1.944261203,"remaining_time":0.5013503732},
{"learn":[0.01432252644],"iteration":795,"passed_time":1.94682313,"remaining_time":0.4989345709},
{"learn":[0.01427818332],"iteration":796,"passed_time":1.950015864,"remaining_time":0.4966790719},
{"learn":[0.01424508806],"iteration":797,"passed_time":1.952392373,"remaining_time":0.4942146106},
{"learn":[0.01422143685],"iteration":798,"passed_time":1.954588874,"remaining_time":0.4917050859},
{"learn":[0.01418437678],"iteration":799,"passed_time":1.957389483,"remaining_time":0.4893473707},
{"learn":[0.01417801043],"iteration":800,"passed_time":1.960024538,"remaining_time":0.4869474196},
{"learn":[0.01416245163],"iteration":801,"passed_time":1.963096298,"remaining_time":0.4846546969},
{"learn":[0.01413368603],"iteration":802,"passed_time":1.965834508,"remaining_time":0.4822782044},
{"learn":[0.01410584087],"iteration":803,"passed_time":1.967905559,"remaining_time":0.4797381711},
{"learn":[0.01407822756],"iteration":804,"passed_time":1.970326554,"remaining_time":0.4772840721},
{"learn":[0.01405740422],"iteration":805,"passed_time":1.972690989,"remaining_time":0.4748164415},
{"learn":[0.01402297803],"iteration":806,"passed_time":1.974801711,"remaining_time":0.4722883894},
{"learn":[0.01400495192],"iteration":807,"passed_time":1.977089357,"remaining_time":0.4698034116},
{"learn":[0.01396139707],"iteration":808,"passed_time":1.979062958,"remaining_time":0.4672447775},
{"learn":[0.01393141137],"iteration":809,"passed_time":1.982285531,"remaining_time":0.4649805567},
{"learn":[0.01390783148],"iteration":810,"passed_time":1.984728736,"remaining_time":0.4625323442},
{"learn":[0.01388215247],"iteration":811,"passed_time":1.986840273,"remaining_time":0.4600073538},
{"learn":[0.01384487815],"iteration":812,"passed_time":1.989432539,"remaining_time":0.4575939542},
{"learn":[0.01382267162],"iteration":813,"passed_time":1.991663319,"remaining_time":0.4550975152},
{"learn":[0.01377967652],"iteration":814,"passed_time":1.993835988,"remaining_time":0.4525885372},
{"learn":[0.01375187193],"iteration":815,"passed_time":1.995977442,"remaining_time":0.4500733448},
{"learn":[0.01371828899],"iteration":816,"passed_time":1.99822547,"remaining_time":0.4475829387},
{"learn":[0.0136969219],"iteration":817,"passed_time":2.000284846,"remaining_time":0.4450511515},
{"learn":[0.01366673186],"iteration":818,"passed_time":2.002501175,"remaining_time":0.4425552047},
{"learn":[0.01364558927],"iteration":819,"passed_time":2.005013419,"remaining_time":0.4401248969},
{"learn":[0.01361959947],"iteration":820,"passed_time":2.007384653,"remaining_time":0.4376636454},
{"learn":[0.01359002377],"iteration":821,"passed_time":2.009115792,"remaining_time":0.4350640037},
{"learn":[0.01356465482],"iteration":822,"passed_time":2.01081299,"remaining_time":0.4324591727},
{"learn":[0.01354915311],"iteration":823,"passed_time":2.012700076,"remaining_time":0.4298971036},
{"learn":[0.01352407422],"iteration":824,"passed_time":2.014798628,"remaining_time":0.4273815271},
{"learn":[0.01349856287],"iteration":825,"passed_time":2.016534257,"remaining_time":0.4247905093},
{"learn":[0.01348215523],"iteration":826,"passed_time":2.018373917,"remaining_time":0.4222233223},
{"learn":[0.01347350509],"iteration":827,"passed_time":2.01954794,"remaining_time":0.4195196203},
{"learn":[0.01343602925],"iteration":828,"passed_time":2.021705871,"remaining_time":0.417022562},
{"learn":[0.01342329185],"iteration":829,"passed_time":2.023761461,"remaining_time":0.4145053594},
{"learn":[0.0133921567],"iteration":830,"passed_time":2.025636688,"remaining_time":0.4119525876},
{"learn":[0.01336018726],"iteration":831,"passed_time":2.027293992,"remaining_time":0.4093574407},
{"learn":[0.01335054598],"iteration":832,"passed_time":2.029454877,"remaining_time":0.4068655036},
{"learn":[0.01333151628],"iteration":833,"passed_time":2.031546139,"remaining_time":0.4043605025},
{"learn":[0.01330151138],"iteration":834,"passed_time":2.03321105,"remaining_time":0.4017722434},
{"learn":[0.01328478766],"iteration":835,"passed_time":2.034885651,"remaining_time":0.3991880942},
{"learn":[0.01325338542],"iteration":836,"passed_time":2.036819139,"remaining_time":0.3966565349},
{"learn":[0.01323253931],"iteration":837,"passed_time":2.038729412,"remaining_time":0.394121915},
{"learn":[0.0132028074],"iteration":838,"passed_time":2.040717358,"remaining_time":0.3916036884},
{"learn":[0.01318122249],"iteration":839,"passed_time":2.042376287,"remaining_time":0.3890240547},
{"learn":[0.01314123408],"iteration":840,"passed_time":2.04426426,"remaining_time":0.3864899135},
{"learn":[0.01311971637],"iteration":841,"passed_time":2.046478853,"remaining_time":0.3840185972},
{"learn":[0.01307707793],"iteration":842,"passed_time":2.04835217,"remaining_time":0.3814843306},
{"learn":[0.01305190359],"iteration":843,"passed_time":2.050206981,"remaining_time":0.3789482097},
{"learn":[0.01302291402],"iteration":844,"passed_time":2.052073615,"remaining_time":0.3764158702},
{"learn":[0.0129893263],"iteration":845,"passed_time":2.054168509,"remaining_time":0.3739266552},
{"learn":[0.01296172568],"iteration":846,"passed_time":2.055905114,"remaining_time":0.371373651},
{"learn":[0.01295465723],"iteration":847,"passed_time":2.058129281,"remaining_time":0.3689099655},
{"learn":[0.01293075209],"iteration":848,"passed_time":2.060311481,"remaining_time":0.36643938},
{"learn":[0.01290572834],"iteration":849,"passed_time":2.062966055,"remaining_time":0.3640528333},
{"learn":[0.01288238331],"iteration":850,"passed_time":2.065303433,"remaining_time":0.3616101193},
{"learn":[0.01287164879],"iteration":851,"passed_time":2.067701127,"remaining_time":0.35917813},
{"learn":[0.01284956212],"iteration":852,"passed_time":2.070113562,"remaining_time":0.3567487615},
{"learn":[0.0128335814],"iteration":853,"passed_time":2.072147515,"remaining_time":0.3542547274},
{"learn":[0.01280244612],"iteration":854,"passed_time":2.073972164,"remaining_time":0.3517262734},
{"learn":[0.01278751618],"iteration":855,"passed_time":2.076414494,"remaining_time":0.3493033729},
{"learn":[0.01276068828],"iteration":856,"passed_time":2.078559296,"remaining_time":0.346830781},
{"learn":[0.01273346643],"iteration":857,"passed_time":2.080557742,"remaining_time":0.3443347312},
{"learn":[0.01269926116],"iteration":858,"passed_time":2.082375877,"remaining_time":0.3418102429},
{"learn":[0.01267281566],"iteration":859,"passed_time":2.08416776,"remaining_time":0.3392831237},
{"learn":[0.01263469415],"iteration":860,"passed_time":2.086438601,"remaining_time":0.3368350355},
{"learn":[0.01260796361],"iteration":861,"passed_time":2.088413071,"remaining_time":0.3343399115},
{"learn":[0.01258726248],"iteration":862,"passed_time":2.090697298,"remaining_time":0.3318951678},
{"learn":[0.01256270496],"iteration":863,"passed_time":2.092673139,"remaining_time":0.3294022533},
{"learn":[0.01254845032],"iteration":864,"passed_time":2.095166305,"remaining_time":0.326991273},
{"learn":[0.01252284975],"iteration":865,"passed_time":2.097339768,"remaining_time":0.3245306338},
{"learn":[0.01252071109],"iteration":866,"passed_time":2.099383658,"remaining_time":0.3220507803},
{"learn":[0.01248709],"iteration":867,"passed_time":2.102066393,"remaining_time":0.3196690828},
{"learn":[0.01245074328],"iteration":868,"passed_time":2.104461339,"remaining_time":0.3172433089},
{"learn":[0.01244653828],"iteration":869,"passed_time":2.108152841,"remaining_time":0.315011344},
{"learn":[0.01244532716],"iteration":870,"passed_time":2.111486209,"remaining_time":0.3127229862},
{"learn":[0.0124260404],"iteration":871,"passed_time":2.114323663,"remaining_time":0.3103594367},
{"learn":[0.01240564491],"iteration":872,"passed_time":2.116663561,"remaining_time":0.3079224195},
{"learn":[0.01238388634],"iteration":873,"passed_time":2.119562106,"remaining_time":0.3055661618},
{"learn":[0.01236244905],"iteration":874,"passed_time":2.122437435,"remaining_time":0.3032053478},
{"learn":[0.01236090621],"iteration":875,"passed_time":2.125193755,"remaining_time":0.3008265133},
{"learn":[0.01234170923],"iteration":876,"passed_time":2.128251009,"remaining_time":0.298489024},
{"learn":[0.01231978992],"iteration":877,"passed_time":2.130403817,"remaining_time":0.2960242206},
{"learn":[0.01230277716],"iteration":878,"passed_time":2.132644488,"remaining_time":0.2935722219},
{"learn":[0.01227480764],"iteration":879,"passed_time":2.136060393,"remaining_time":0.2912809627},
{"learn":[0.01226648087],"iteration":880,"passed_time":2.138507022,"remaining_time":0.2888562266},
{"learn":[0.01224433318],"iteration":881,"passed_time":2.14072501,"remaining_time":0.2864008517},
{"learn":[0.01222701422],"iteration":882,"passed_time":2.143885552,"remaining_time":0.2840709056},
{"learn":[0.01219945116],"iteration":883,"passed_time":2.146604428,"remaining_time":0.281681124},
{"learn":[0.01216907457],"iteration":884,"passed_time":2.149441444,"remaining_time":0.2793059503},
{"learn":[0.01215053019],"iteration":885,"passed_time":2.153127488,"remaining_time":0.277038977},
{"learn":[0.01214348924],"iteration":886,"passed_time":2.156322486,"remaining_time":0.2747062468},
{"learn":[0.01212771709],"iteration":887,"passed_time":2.160310391,"remaining_time":0.2724715809},
{"learn":[0.01211272328],"iteration":888,"passed_time":2.165204947,"remaining_time":0.2703461745},
{"learn":[0.01209702302],"iteration":889,"passed_time":2.168708607,"remaining_time":0.2680426368},
{"learn":[0.01208497429],"iteration":890,"passed_time":2.171844649,"remaining_time":0.265691433},
{"learn":[0.0120545711],"iteration":891,"passed_time":2.175523852,"remaining_time":0.2634042332},
{"learn":[0.01203921577],"iteration":892,"passed_time":2.178925305,"remaining_time":0.2610806357},
{"learn":[0.01202324777],"iteration":893,"passed_time":2.182314295,"remaining_time":0.2587531491},
{"learn":[0.01200910332],"iteration":894,"passed_time":2.184831618,"remaining_time":0.2563210278},
{"learn":[0.01200014726],"iteration":895,"passed_time":2.187282841,"remaining_time":0.2538810441},
{"learn":[0.0119954894],"iteration":896,"passed_time":2.190135148,"remaining_time":0.2514870906},
{"learn":[0.01199167188],"iteration":897,"passed_time":2.193102694,"remaining_time":0.2491052058},
{"learn":[0.01198912238],"iteration":898,"passed_time":2.195750639,"remaining_time":0.2466861119},
{"learn":[0.01195350702],"iteration":899,"passed_time":2.198726851,"remaining_time":0.2443029834},
{"learn":[0.01192331041],"iteration":900,"passed_time":2.20213786,"remaining_time":0.2419663132},
{"learn":[0.01192113924],"iteration":901,"passed_time":2.209384351,"remaining_time":0.2400439761},
{"learn":[0.01189334521],"iteration":902,"passed_time":2.212199958,"remaining_time":0.2376338825},
{"learn":[0.01187721809],"iteration":903,"passed_time":2.215211991,"remaining_time":0.2352437513},
{"learn":[0.01186095401],"iteration":904,"passed_time":2.217609807,"remaining_time":0.2327877698},
{"learn":[0.01184597601],"iteration":905,"passed_time":2.220064571,"remaining_time":0.2303378252},
{"learn":[0.01182215948],"iteration":906,"passed_time":2.22300661,"remaining_time":0.2279378332},
{"learn":[0.01181451407],"iteration":907,"passed_time":2.22630735,"remaining_time":0.2255729914},
{"learn":[0.01178784798],"iteration":908,"passed_time":2.229345803,"remaining_time":0.2231798329},
{"learn":[0.0117628765],"iteration":909,"passed_time":2.232628438,"remaining_time":0.220809406},
{"learn":[0.01175932051],"iteration":910,"passed_time":2.235275042,"remaining_time":0.2183748394},
{"learn":[0.01173525348],"iteration":911,"passed_time":2.238018524,"remaining_time":0.2159491559},
{"learn":[0.01170396401],"iteration":912,"passed_time":2.242073515,"remaining_time":0.2136477501},
{"learn":[0.01168977677],"iteration":913,"passed_time":2.244901727,"remaining_time":0.2112270771},
{"learn":[0.01167223615],"iteration":914,"passed_time":2.247886342,"remaining_time":0.2088200427},
{"learn":[0.01167102839],"iteration":915,"passed_time":2.250265535,"remaining_time":0.2063562281},
{"learn":[0.01165448225],"iteration":916,"passed_time":2.252753897,"remaining_time":0.2039024792},
{"learn":[0.01164333948],"iteration":917,"passed_time":2.255798527,"remaining_time":0.2014983434},
{"learn":[0.01162655023],"iteration":918,"passed_time":2.258776671,"remaining_time":0.1990869536},
{"learn":[0.0116038561],"iteration":919,"passed_time":2.261457894,"remaining_time":0.1966485125},
{"learn":[0.01158553585],"iteration":920,"passed_time":2.264200006,"remaining_time":0.194214767},
{"learn":[0.01156367797],"iteration":921,"passed_time":2.266969345,"remaining_time":0.1917826561},
{"learn":[0.01153340361],"iteration":922,"passed_time":2.269624214,"remaining_time":0.1893402648},
{"learn":[0.01153193172],"iteration":923,"passed_time":2.272713825,"remaining_time":0.1869331717},
{"learn":[0.01152082709],"iteration":924,"passed_time":2.275041238,"remaining_time":0.184462803},
{"learn":[0.0115016884],"iteration":925,"passed_time":2.277952659,"remaining_time":0.1820394133},
{"learn":[0.01147866797],"iteration":926,"passed_time":2.280986044,"remaining_time":0.1796245752},
{"learn":[0.0114694466],"iteration":927,"passed_time":2.28424656,"remaining_time":0.1772260262},
{"learn":[0.01145125689],"iteration":928,"passed_time":2.287433193,"remaining_time":0.1748199749},
{"learn":[0.01143089813],"iteration":929,"passed_time":2.290265707,"remaining_time":0.1723855908},
{"learn":[0.01140797713],"iteration":930,"passed_time":2.293077767,"remaining_time":0.1699488356},
{"learn":[0.01138014715],"iteration":931,"passed_time":2.295909843,"remaining_time":0.1675127353},
{"learn":[0.01136229905],"iteration":932,"passed_time":2.298603251,"remaining_time":0.1650658283},
{"learn":[0.01134174251],"iteration":933,"passed_time":2.302143753,"remaining_time":0.1626782524},
{"learn":[0.0113405676],"iteration":934,"passed_time":2.305074455,"remaining_time":0.1602458178},
{"learn":[0.01132583094],"iteration":935,"passed_time":2.307657868,"remaining_time":0.1577885721},
{"learn":[0.01130766949],"iteration":936,"passed_time":2.309959772,"remaining_time":0.1553121298},
{"learn":[0.01129763417],"iteration":937,"passed_time":2.312652253,"remaining_time":0.152861876},
{"learn":[0.01128495197],"iteration":938,"passed_time":2.315738284,"remaining_time":0.1504366723},
{"learn":[0.0112616148],"iteration":939,"passed_time":2.318628878,"remaining_time":0.1479975879},
{"learn":[0.01125211215],"iteration":940,"passed_time":2.321045529,"remaining_time":0.1455278281},
{"learn":[0.0112315704],"iteration":941,"passed_time":2.323606608,"remaining_time":0.1430670735},
{"learn":[0.01121449495],"iteration":942,"passed_time":2.327105159,"remaining_time":0.1406627721},
{"learn":[0.01121311072],"iteration":943,"passed_time":2.32957579,"remaining_time":0.138195174},
{"learn":[0.01120129516],"iteration":944,"passed_time":2.332233243,"remaining_time":0.1357384427},
{"learn":[0.0111878995],"iteration":945,"passed_time":2.334938044,"remaining_time":0.1332839898},
{"learn":[0.01117115794],"iteration":946,"passed_time":2.337265716,"remaining_time":0.1308079017},
{"learn":[0.0111531941],"iteration":947,"passed_time":2.33967347,"remaining_time":0.1283365194},
{"learn":[0.01115000754],"iteration":948,"passed_time":2.342979019,"remaining_time":0.1259135194},
{"learn":[0.01112564343],"iteration":949,"passed_time":2.346054719,"remaining_time":0.1234765642},
{"learn":[0.01112381516],"iteration":950,"passed_time":2.349073108,"remaining_time":0.1210353126},
{"learn":[0.0111224466],"iteration":951,"passed_time":2.351604829,"remaining_time":0.1185683107},
{"learn":[0.01111422104],"iteration":952,"passed_time":2.354501102,"remaining_time":0.1161191519},
{"learn":[0.01109178154],"iteration":953,"passed_time":2.357721957,"remaining_time":0.1136847065},
{"learn":[0.01109124873],"iteration":954,"passed_time":2.360050465,"remaining_time":0.1112065664},
{"learn":[0.01108976673],"iteration":955,"passed_time":2.362615424,"remaining_time":0.108739622},
{"learn":[0.0110733621],"iteration":956,"passed_time":2.36602435,"remaining_time":0.106310394},
{"learn":[0.01107089436],"iteration":957,"passed_time":2.368361802,"remaining_time":0.1038321458},
{"learn":[0.01106398209],"iteration":958,"passed_time":2.370282996,"remaining_time":0.101336395},
{"learn":[0.01106131228],"iteration":959,"passed_time":2.373073517,"remaining_time":0.09887806322},
{"learn":[0.01104788156],"iteration":960,"passed_time":2.376063877,"remaining_time":0.09642715004},
{"learn":[0.0110247507],"iteration":961,"passed_time":2.378367225,"remaining_time":0.0939479777},
{"learn":[0.01100472155],"iteration":962,"passed_time":2.380595196,"remaining_time":0.09146627439},
{"learn":[0.01099316189],"iteration":963,"passed_time":2.383247336,"remaining_time":0.08900093786},
{"learn":[0.01098097714],"iteration":964,"passed_time":2.385511263,"remaining_time":0.0865211339},
{"learn":[0.01097425071],"iteration":965,"passed_time":2.387722075,"remaining_time":0.08403990739},
{"learn":[0.01095533901],"iteration":966,"passed_time":2.390364221,"remaining_time":0.08157395996},
{"learn":[0.01095218774],"iteration":967,"passed_time":2.392761645,"remaining_time":0.07909955852},
{"learn":[0.01095211313],"iteration":968,"passed_time":2.394813016,"remaining_time":0.07661424508},
{"learn":[0.01094061851],"iteration":969,"passed_time":2.397253148,"remaining_time":0.07414184994},
{"learn":[0.01092236113],"iteration":970,"passed_time":2.399140725,"remaining_time":0.07165301856},
{"learn":[0.0109133028],"iteration":971,"passed_time":2.401510473,"remaining_time":0.06917931403},
{"learn":[0.01091206447],"iteration":972,"passed_time":2.403713589,"remaining_time":0.06670119928},
{"learn":[0.01090442713],"iteration":973,"passed_time":2.406235726,"remaining_time":0.06423216518},
{"learn":[0.01089625539],"iteration":974,"passed_time":2.408113422,"remaining_time":0.06174649801},
{"learn":[0.01088622554],"iteration":975,"passed_time":2.410303464,"remaining_time":0.0592697573},
{"learn":[0.01086930932],"iteration":976,"passed_time":2.412393424,"remaining_time":0.05679124745},
{"learn":[0.01085928712],"iteration":977,"passed_time":2.414594603,"remaining_time":0.05431603401},
{"learn":[0.01084842748],"iteration":978,"passed_time":2.416773894,"remaining_time":0.0518409109},
{"learn":[0.01084667912],"iteration":979,"passed_time":2.419123633,"remaining_time":0.04936987007},
{"learn":[0.01083492538],"iteration":980,"passed_time":2.421499689,"remaining_time":0.04689958622},
{"learn":[0.01081583211],"iteration":981,"passed_time":2.423318547,"remaining_time":0.0444192809},
{"learn":[0.01081411953],"iteration":982,"passed_time":2.425579643,"remaining_time":0.04194796942},
{"learn":[0.01080185055],"iteration":983,"passed_time":2.427672897,"remaining_time":0.03947435605},
{"learn":[0.01079966672],"iteration":984,"passed_time":2.433588905,"remaining_time":0.03705972951},
{"learn":[0.01077141929],"iteration":985,"passed_time":2.435545994,"remaining_time":0.03458178896},
{"learn":[0.01077001452],"iteration":986,"passed_time":2.4377703,"remaining_time":0.03210842341},
{"learn":[0.01076852357],"iteration":987,"passed_time":2.439665351,"remaining_time":0.02963156297},
{"learn":[0.01075132766],"iteration":988,"passed_time":2.441897517,"remaining_time":0.02715962861},
{"learn":[0.01075019864],"iteration":989,"passed_time":2.4437183,"remaining_time":0.02468402323},
{"learn":[0.0107415003],"iteration":990,"passed_time":2.445903486,"remaining_time":0.02221304882},
{"learn":[0.0107228398],"iteration":991,"passed_time":2.447796636,"remaining_time":0.01974029545},
{"learn":[0.01070640644],"iteration":992,"passed_time":2.449781294,"remaining_time":0.01726935454},
{"learn":[0.01070510504],"iteration":993,"passed_time":2.451433839,"remaining_time":0.01479738736},
{"learn":[0.01068427986],"iteration":994,"passed_time":2.453883457,"remaining_time":0.01233107265},
{"learn":[0.01067058706],"iteration":995,"passed_time":2.455645002,"remaining_time":0.009862028121},
{"learn":[0.01067039415],"iteration":996,"passed_time":2.457531653,"remaining_time":0.007394779297},
{"learn":[0.01064879721],"iteration":997,"passed_time":2.459352449,"remaining_time":0.004928562023},
{"learn":[0.01063241413],"iteration":998,"passed_time":2.461511577,"remaining_time":0.002463975552},
{"learn":[0.01061676986],"iteration":999,"passed_time":2.463539864,"remaining_time":0}
]}